ax0,ay0,az0,gx0,gy0,gz0,ax1,ay1,az1,gx1,gy1,gz1,ax2,ay2,az2,gx2,gy2,gz2,ax3,ay3,az3,gx3,gy3,gz3,ax4,ay4,az4,gx4,gy4,gz4,ax5,ay5,az5,gx5,gy5,gz5,ax6,ay6,az6,gx6,gy6,gz6,ax7,ay7,az7,gx7,gy7,gz7,ax8,ay8,az8,gx8,gy8,gz8,ax9,ay9,az9,gx9,gy9,gz9,ax10,ay10,az10,gx10,gy10,gz10,ax11,ay11,az11,gx11,gy11,gz11,ax12,ay12,az12,gx12,gy12,gz12,ax13,ay13,az13,gx13,gy13,gz13,ax14,ay14,az14,gx14,gy14,gz14,ax15,ay15,az15,gx15,gy15,gz15,ax16,ay16,az16,gx16,gy16,gz16,ax17,ay17,az17,gx17,gy17,gz17,ax18,ay18,az18,gx18,gy18,gz18,ax19,ay19,az19,gx19,gy19,gz19,target
-12.807882,-22.224836,1.645963,0.739937,-1.977206,-5.610715,-12.807882,-22.224836,1.645963,0.361780,-1.978271,-3.616466,-12.807882,-22.224836,1.645963,-0.346600,0.500526,4.060802,-12.807882,-22.224836,1.645963,0.406520,1.948178,14.943622,-12.807882,-22.224836,1.645963,1.318359,2.530994,22.784935,-12.807882,-22.224836,1.645963,-2.700898,6.705642,22.992655,-12.807882,-22.224836,1.645963,-9.321455,4.514458,14.342830,-12.807882,-22.224836,1.645963,-5.425898,-5.072906,4.020323,-12.807882,-22.224836,1.645963,2.416614,-3.945889,-1.491326,-12.807882,-22.224836,1.645963,3.180386,-0.229158,-3.165873,-12.807882,-22.224836,1.645963,0.192408,0.978816,-4.394086,-12.807882,-22.224836,1.645963,-0.223033,1.421953,-5.689543,-12.807882,-22.224836,1.645963,1.654973,0.560179,-7.759291,-12.807882,-22.224836,1.645963,2.891708,-0.816102,-9.656604,-12.807882,-22.224836,1.645963,2.693575,-1.847247,-10.465116,-12.807882,-22.224836,1.645963,1.677343,-2.417147,-10.307461,-12.807882,-22.224836,1.645963,0.442737,-2.451234,-9.723713,-12.807882,-22.224836,1.645963,-0.952851,-1.962292,-9.071657,-12.807882,-22.224836,1.645963,-1.040200,-1.213434,-6.080483,-12.807882,-22.224836,1.645963,0.819830,-0.084287,3.686905,0
-26.802006,-24.529123,-0.596112,1.151117,-1.561765,-5.650129,-26.802006,-24.529123,-0.596112,0.481086,-1.669353,-2.003703,-26.802006,-24.529123,-0.596112,0.552456,-0.570033,6.196727,-26.802006,-24.529123,-0.596112,1.351381,2.077071,15.218451,-26.802006,-24.529123,-0.596112,0.127429,5.611648,20.822775,-26.802006,-24.529123,-0.596112,-5.360919,7.144651,19.402821,-26.802006,-24.529123,-0.596112,-7.804563,0.243805,10.597338,-26.802006,-24.529123,-0.596112,-2.794639,-4.582899,2.776130,-26.802006,-24.529123,-0.596112,1.020094,0.004128,-0.460181,-26.802006,-24.529123,-0.596112,0.795330,1.483736,-3.729381,-26.802006,-24.529123,-0.596112,0.878418,0.153260,-5.907916,-26.802006,-24.529123,-0.596112,2.318613,-0.124765,-6.937996,-26.802006,-24.529123,-0.596112,3.351889,-0.921560,-9.139832,-26.802006,-24.529123,-0.596112,3.161212,-2.566413,-11.204388,-26.802006,-24.529123,-0.596112,1.911694,-3.307815,-11.875484,-26.802006,-24.529123,-0.596112,0.445933,-3.014876,-11.390803,-26.802006,-24.529123,-0.596112,-0.874024,-2.487452,-10.900796,-26.802006,-24.529123,-0.596112,-1.130745,-2.139121,-9.544754,-26.802006,-24.529123,-0.596112,0.278692,-1.299717,-3.666532,-26.802006,-24.529123,-0.596112,2.115153,0.781748,7.755163,0
-26.359035,-28.862526,5.013861,1.391860,-2.110360,-6.233877,-26.359035,-28.862526,5.013861,1.121291,-0.710644,-1.799179,-26.359035,-28.862526,5.013861,1.935129,1.074687,7.851034,-26.359035,-28.862526,5.013861,3.416868,2.405296,17.957165,-26.359035,-28.862526,5.013861,2.337787,6.201787,24.426592,-26.359035,-28.862526,5.013861,-6.573153,12.935390,24.685444,-26.359035,-28.862526,5.013861,-16.682482,9.563795,15.028840,-26.359035,-28.862526,5.013861,-9.084973,-4.766119,2.562019,-26.359035,-28.862526,5.013861,4.800739,-4.939752,-3.650553,-26.359035,-28.862526,5.013861,6.118432,-1.356175,-4.839487,-26.359035,-28.862526,5.013861,1.774279,0.912772,-4.497414,-26.359035,-28.862526,5.013861,0.972158,1.361235,-4.803269,-26.359035,-28.862526,5.013861,2.649900,-0.175897,-7.174478,-26.359035,-28.862526,5.013861,3.808874,-2.584522,-10.194547,-26.359035,-28.862526,5.013861,3.462673,-4.301677,-12.037399,-26.359035,-28.862526,5.013861,2.054435,-4.428440,-12.120487,-26.359035,-28.862526,5.013861,0.337279,-3.586906,-11.414238,-26.359035,-28.862526,5.013861,-0.988004,-3.031919,-10.977492,-26.359035,-28.862526,5.013861,-0.716369,-1.840856,-8.763805,-26.359035,-28.862526,5.013861,1.562297,0.281088,0.045805,0
-11.598011,-24.419054,0.898505,-0.220903,-3.567732,-8.410148,-11.598011,-24.419054,0.898505,-1.854038,-2.838047,-6.315900,-11.598011,-24.419054,0.898505,-1.995714,0.360981,0.643534,-11.598011,-24.419054,0.898505,0.656849,1.997179,10.457792,-11.598011,-24.419054,0.898505,3.164408,2.698235,18.210691,-11.598011,-24.419054,0.898505,2.766011,4.546414,22.289602,-11.598011,-24.419054,0.898505,-3.004490,8.862872,24.201828,-11.598011,-24.419054,0.898505,-12.666420,10.666311,19.680845,-11.598011,-24.419054,0.898505,-12.776138,-1.671484,8.321867,-11.598011,-24.419054,0.898505,-0.760044,-5.084623,-0.525160,-11.598011,-24.419054,0.898505,4.688890,-0.549793,-3.607944,-11.598011,-24.419054,0.898505,1.467492,0.240610,-4.159735,-11.598011,-24.419054,0.898505,0.339410,1.518889,-4.114995,-11.598011,-24.419054,0.898505,2.191850,1.165232,-5.673564,-11.598011,-24.419054,0.898505,3.408346,-0.933277,-8.675391,-11.598011,-24.419054,0.898505,3.113277,-2.896635,-11.208648,-11.598011,-24.419054,0.898505,2.054435,-3.496361,-12.095987,-11.598011,-24.419054,0.898505,0.776155,-3.111812,-11.588937,-11.598011,-24.419054,0.898505,-0.191076,-2.794373,-10.834751,-11.598011,-24.419054,0.898505,-0.538342,-2.687849,-10.715446,0
20.613869,6.628717,2.956332,-1.082809,1.611564,-2.654561,20.613869,6.628717,2.956332,-0.822892,1.587064,-3.539769,20.613869,6.628717,2.956332,-0.263512,1.183341,-4.547613,20.613869,6.628717,2.956332,0.580153,0.803053,-5.888741,20.613869,6.628717,2.956332,1.571885,0.171369,-7.440786,20.613869,6.628717,2.956332,2.409158,-0.800123,-8.612542,20.613869,6.628717,2.956332,2.702097,-1.768420,-8.955547,20.613869,6.628717,2.956332,2.321809,-2.459756,-8.618934,20.613869,6.628717,2.956332,1.608102,-2.715545,-8.189645,20.613869,6.628717,2.956332,0.669632,-3.055355,-7.926532,20.613869,6.628717,2.956332,-1.182941,-2.019815,-5.822697,20.613869,6.628717,2.956332,-2.189586,0.569767,1.315696,20.613869,6.628717,2.956332,-0.318904,1.570020,10.909451,20.613869,6.628717,2.956332,1.422752,1.881068,18.272474,20.613869,6.628717,2.956332,0.462977,3.623923,22.568693,20.613869,6.628717,2.956332,-5.177565,7.658093,23.344183,20.613869,6.628717,2.956332,-13.215014,6.878343,16.445601,20.613869,6.628717,2.956332,-11.538338,-3.551753,5.842004,20.613869,6.628717,2.956332,-1.472685,-1.996380,-0.191742,20.613869,6.628717,2.956332,4.871044,0.220370,-3.622858,0
-31.554750,-61.575104,6.834500,2.438984,2.611951,14.594225,-31.554750,-61.575104,6.834500,2.709553,4.399412,22.532475,-31.554750,-61.575104,6.834500,-1.299052,6.900712,25.276648,-31.554750,-61.575104,6.834500,-4.902735,4.299281,16.941999,-31.554750,-61.575104,6.834500,-3.129122,-1.847247,3.365204,-31.554750,-61.575104,6.834500,1.534601,-2.835917,-2.468145,-31.554750,-61.575104,6.834500,2.964144,-0.718100,-2.049508,-31.554750,-61.575104,6.834500,1.213966,0.999055,-1.377346,-31.554750,-61.575104,6.834500,0.028362,0.642202,-1.646850,-31.554750,-61.575104,6.834500,0.143407,-0.355921,-1.789591,-31.554750,-61.575104,6.834500,0.139146,-0.650991,-0.974688,-31.554750,-61.575104,6.834500,-0.136749,-0.404922,0.251528,-31.554750,-61.575104,6.834500,-0.316774,0.016911,0.880016,-31.554750,-61.575104,6.834500,-0.228359,-0.134353,0.627555,-31.554750,-61.575104,6.834500,0.172168,-0.595598,0.090545,-31.554750,-61.575104,6.834500,0.390541,-0.524228,-0.176829,-31.554750,-61.575104,6.834500,0.115711,0.019041,-0.117176,-31.554750,-61.575104,6.834500,-0.296534,0.592136,0.039414,-31.554750,-61.575104,6.834500,-0.416906,0.743400,-0.061784,-31.554750,-61.575104,6.834500,-0.046204,0.359916,-0.411180,0
23.512474,6.870691,2.041078,-0.676822,1.372952,-1.758700,23.512474,6.870691,2.041078,-0.772827,1.323951,-2.767475,23.512474,6.870691,2.041078,-0.311448,0.991599,-3.796490,23.512474,6.870691,2.041078,0.325562,0.859510,-4.535762,23.512474,6.870691,2.041078,0.824091,0.872293,-5.002468,23.512474,6.870691,2.041078,1.110639,0.754052,-5.384886,23.512474,6.870691,2.041078,1.284272,0.401460,-5.859980,23.512474,6.870691,2.041078,1.478144,-0.183353,-6.453315,23.512474,6.870691,2.041078,1.730604,-0.959908,-6.902843,23.512474,6.870691,2.041078,1.780670,-1.570287,-7.170217,23.512474,6.870691,2.041078,1.484535,-1.797181,-7.032802,23.512474,6.870691,2.041078,1.109573,-1.888791,-6.561969,23.512474,6.870691,2.041078,0.863505,-2.131665,-6.323356,23.512474,6.870691,2.041078,0.485347,-2.647370,-6.129484,23.512474,6.870691,2.041078,0.199864,-2.011293,-3.705946,23.512474,6.870691,2.041078,1.189466,0.232088,2.948698,23.512474,6.870691,2.041078,3.039776,1.921547,11.693462,23.512474,6.870691,2.041078,3.679981,3.303288,18.816942,23.512474,6.870691,2.041078,0.798525,6.745056,22.609171,23.512474,6.870691,2.041078,-6.238670,10.199739,21.690941,0
-6.136394,-32.209187,3.969394,-0.896394,-2.383060,-10.737815,-6.136394,-32.209187,3.969394,-0.542603,-2.440582,-9.643821,-6.136394,-32.209187,3.969394,0.565239,-1.288000,-5.019511,-6.136394,-32.209187,3.969394,2.480528,0.680551,2.939111,-6.136394,-32.209187,3.969394,4.203143,2.300903,11.579482,-6.136394,-32.209187,3.969394,4.026315,3.980776,18.688980,-6.136394,-32.209187,3.969394,0.688806,6.722686,24.497963,-6.136394,-32.209187,3.969394,-4.607666,7.289523,24.047369,-6.136394,-32.209187,3.969394,-6.949181,0.526092,9.127183,-6.136394,-32.209187,3.969394,-2.056432,-4.204741,-3.623923,-6.136394,-32.209187,3.969394,3.544696,-2.682523,-3.046566,-6.136394,-32.209187,3.969394,2.244046,0.707182,-0.396267,-6.136394,-32.209187,3.969394,0.905049,1.926873,-0.535812,-6.136394,-32.209187,3.969394,2.392114,-0.394269,-1.997312,-6.136394,-32.209187,3.969394,2.383592,-1.742854,-3.426855,-6.136394,-32.209187,3.969394,0.573761,-1.248586,-3.437507,-6.136394,-32.209187,3.969394,-1.113701,-0.121570,-2.272142,-6.136394,-32.209187,3.969394,-1.803972,0.855249,-1.226083,-6.136394,-32.209187,3.969394,-1.473750,0.836075,-0.727554,-6.136394,-32.209187,3.969394,-0.669366,0.204392,-0.686010,0
20.956640,7.500901,2.132304,-0.047270,0.434482,-1.481739,20.956640,7.500901,2.132304,-0.116510,0.826488,-2.047378,20.956640,7.500901,2.132304,-0.294404,1.272820,-2.474536,20.956640,7.500901,2.132304,-0.315708,1.483736,-3.185047,20.956640,7.500901,2.132304,-0.018508,1.428344,-4.045755,20.956640,7.500901,2.132304,0.545000,1.082144,-4.664789,20.956640,7.500901,2.132304,1.089334,0.703986,-5.102599,20.956640,7.500901,2.132304,1.419556,0.020106,-5.430691,20.956640,7.500901,2.132304,1.382273,-0.774558,-5.611781,20.956640,7.500901,2.132304,0.993463,-0.843798,-5.637346,20.956640,7.500901,2.132304,0.660045,-0.989735,-5.495670,20.956640,7.500901,2.132304,0.580153,-1.569221,-5.206992,20.956640,7.500901,2.132304,0.614240,-1.961227,-4.836291,20.956640,7.500901,2.132304,0.603588,-2.099707,-4.541089,20.956640,7.500901,2.132304,0.592935,-2.254166,-4.412195,20.956640,7.500901,2.132304,0.629153,-2.587717,-4.320585,20.956640,7.500901,2.132304,0.607849,-2.021945,-2.821802,20.956640,7.500901,2.132304,1.304511,0.074433,2.885849,20.956640,7.500901,2.132304,2.597704,2.228467,11.797855,20.956640,7.500901,2.132304,2.633922,4.777570,19.695759,0
-17.711374,-30.561131,6.087042,-0.450993,-2.654827,-9.611864,-17.711374,-30.561131,6.087042,0.133820,-3.778648,-7.229870,-17.711374,-30.561131,6.087042,1.659234,-1.900509,1.734333,-17.711374,-30.561131,6.087042,3.657611,2.157097,13.848429,-17.711374,-30.561131,6.087042,3.962400,5.845999,22.382277,-17.711374,-30.561131,6.087042,0.638740,9.271921,24.561876,-17.711374,-30.561131,6.087042,-2.125673,4.447348,14.548420,-17.711374,-30.561131,6.087042,-0.822892,-5.049471,0.562576,-17.711374,-30.561131,6.087042,1.311968,-3.120334,-0.704119,-17.711374,-30.561131,6.087042,0.180690,2.931521,1.525547,-17.711374,-30.561131,6.087042,-1.987192,2.827128,0.000000,-17.711374,-30.561131,6.087042,-0.827153,0.128760,-1.831136,-17.711374,-30.561131,6.087042,0.722894,-0.957778,-1.703308,-17.711374,-30.561131,6.087042,0.297866,-0.331421,-0.817034,-17.711374,-30.561131,6.087042,-0.367905,-0.029960,-0.205590,-17.711374,-30.561131,6.087042,-0.101597,-0.352725,-0.154459,-17.711374,-30.561131,6.087042,0.515173,-0.488010,-0.256721,-17.711374,-30.561131,6.087042,0.755916,-0.346334,-0.300396,-17.711374,-30.561131,6.087042,0.714372,-0.188679,-0.287613,-17.711374,-30.561131,6.087042,0.513043,-0.185484,-0.205590,0
-18.257536,-18.066111,6.609275,-0.362579,-2.289319,-3.458812,-18.257536,-18.066111,6.609275,0.231821,-1.997445,-1.062037,-18.257536,-18.066111,6.609275,2.118349,-0.552989,4.196086,-18.257536,-18.066111,6.609275,3.985836,1.560433,11.055387,-18.257536,-18.066111,6.609275,4.239361,3.765599,16.849323,-18.257536,-18.066111,6.609275,2.070414,7.165956,21.124237,-18.257536,-18.066111,6.609275,-4.516056,12.718083,23.088526,-18.257536,-18.066111,6.609275,-13.973460,11.908506,17.077284,-18.257536,-18.066111,6.609275,-11.237942,-1.601178,5.051601,-18.257536,-18.066111,6.609275,2.327135,-4.144023,-3.253222,-18.257536,-18.066111,6.609275,5.946929,-1.367892,-4.604070,-18.257536,-18.066111,6.609275,1.732735,0.684812,-3.564270,-18.257536,-18.066111,6.609275,0.462977,1.564694,-4.354672,-18.257536,-18.066111,6.609275,2.852295,-0.423031,-7.834922,-18.257536,-18.066111,6.609275,4.595149,-3.454817,-11.768961,-18.257536,-18.066111,6.609275,3.989031,-4.840685,-13.895299,-18.257536,-18.066111,6.609275,2.135393,-4.237763,-13.797164,-18.257536,-18.066111,6.609275,0.278692,-3.697690,-13.001435,-18.257536,-18.066111,6.609275,-1.295856,-3.827649,-12.591321,-18.257536,-18.066111,6.609275,-1.128614,-2.313819,-8.837306,0
-13.746766,-16.247864,3.943073,0.215843,-1.971879,-3.678250,-13.746766,-16.247864,3.943073,0.654719,-2.177469,-1.942985,-13.746766,-16.247864,3.943073,1.333272,-1.008909,2.266949,-13.746766,-16.247864,3.943073,2.064022,1.150319,9.852739,-13.746766,-16.247864,3.943073,2.126871,2.819672,18.553696,-13.746766,-16.247864,3.943073,0.252061,5.752258,25.848679,-13.746766,-16.247864,3.943073,-6.869288,12.241924,27.839600,-13.746766,-16.247864,3.943073,-16.356520,9.921714,18.387520,-13.746766,-16.247864,3.943073,-10.212123,-4.722445,3.772123,-13.746766,-16.247864,3.943073,4.121120,-6.246793,-5.236819,-13.746766,-16.247864,3.943073,5.406857,-1.293326,-5.514844,-13.746766,-16.247864,3.943073,0.487477,2.499037,-3.311810,-13.746766,-16.247864,3.943073,0.065645,2.659887,-3.937101,-13.746766,-16.247864,3.943073,3.329519,0.224631,-8.153427,-13.746766,-16.247864,3.943073,5.386617,-2.429930,-12.486928,-13.746766,-16.247864,3.943073,4.818848,-3.432447,-14.442829,-13.746766,-16.247864,3.943073,3.089842,-3.165074,-14.124324,-13.746766,-16.247864,3.943073,1.517558,-3.025528,-13.034457,-13.746766,-16.247864,3.943073,0.209451,-3.105421,-12.393188,-13.746766,-16.247864,3.943073,-0.187880,-2.890244,-10.233960,0
18.573090,11.783754,0.256630,-0.185750,2.963478,0.562576,18.573090,11.783754,0.256630,0.736742,0.298132,-1.391194,18.573090,11.783754,0.256630,1.148987,-1.345522,-3.023131,18.573090,11.783754,0.256630,0.616370,-1.169759,-3.221265,18.573090,11.783754,0.256630,-0.122901,-0.293072,-2.412753,18.573090,11.783754,0.256630,-0.502124,0.210783,-1.506240,18.573090,11.783754,0.256630,-0.420101,0.274697,-1.003450,18.573090,11.783754,0.256630,0.023036,0.223566,-0.874556,18.573090,11.783754,0.256630,0.603588,0.039280,-0.873491,18.573090,11.783754,0.256630,0.999854,-0.240876,-0.915035,18.573090,11.783754,0.256630,1.090399,-0.300529,-0.877752,18.573090,11.783754,0.256630,0.886940,-0.099200,-0.768033,18.573090,11.783754,0.256630,0.562044,0.114912,-0.632748,18.573090,11.783754,0.256630,0.294670,0.095738,-0.476159,18.573090,11.783754,0.256630,0.133820,-0.022503,-0.356853,18.573090,11.783754,0.256630,0.150864,-0.058721,-0.257786,18.573090,11.783754,0.256630,0.237147,-0.052330,-0.295070,18.573090,11.783754,0.256630,0.188147,-0.070439,-0.347266,18.573090,11.783754,0.256630,0.082689,-0.122635,-0.416506,18.573090,11.783754,0.256630,-0.133554,0.119173,-0.590139,0
-13.751552,-15.157933,3.897609,0.037949,-1.895183,-3.716598,-13.751552,-15.157933,3.897609,0.322366,-2.345776,-2.084661,-13.751552,-15.157933,3.897609,1.808366,-1.584135,2.417147,-13.751552,-15.157933,3.897609,3.406216,1.479475,9.760064,-13.751552,-15.157933,3.897609,3.473325,4.371716,17.602444,-13.751552,-15.157933,3.897609,1.470687,7.033867,23.690516,-13.751552,-15.157933,3.897609,-4.949605,13.885579,25.552544,-13.751552,-15.157933,3.897609,-13.477062,12.568951,17.861294,-13.751552,-15.157933,3.897609,-7.597908,-5.595935,2.514083,-13.751552,-15.157933,3.897609,5.165049,-10.170179,-6.536403,-13.751552,-15.157933,3.897609,4.483299,-0.500793,-4.325912,-13.751552,-15.157933,3.897609,-0.945394,4.175714,-1.351781,-13.751552,-15.157933,3.897609,-0.281621,2.040853,-3.630314,-13.751552,-15.157933,3.897609,3.601153,-1.077084,-8.061816,-13.751552,-15.157933,3.897609,4.222317,-3.363207,-11.027558,-13.751552,-15.157933,3.897609,2.249373,-3.678516,-12.374013,-13.751552,-15.157933,3.897609,0.440607,-3.072398,-12.739388,-13.751552,-15.157933,3.897609,-0.544734,-2.830590,-12.607299,-13.751552,-15.157933,3.897609,-1.247921,-3.092638,-12.396383,-13.751552,-15.157933,3.897609,-1.442858,-3.600754,-12.003312,0
20.731415,9.000303,1.799103,-1.784798,4.122452,0.946060,20.731415,9.000303,1.799103,-0.754718,0.986273,-0.791468,20.731415,9.000303,1.799103,1.087204,-1.268826,-2.070813,20.731415,9.000303,1.799103,1.316229,-1.433937,-2.295577,20.731415,9.000303,1.799103,0.441672,-0.640338,-1.806635,20.731415,9.000303,1.799103,-0.357253,-0.133287,-1.226083,20.731415,9.000303,1.799103,-0.456319,-0.082156,-0.851121,20.731415,9.000303,1.799103,-0.006791,-0.175897,-0.614639,20.731415,9.000303,1.799103,0.451259,-0.296268,-0.404789,20.731415,9.000303,1.799103,0.581218,-0.321834,-0.292939,20.731415,9.000303,1.799103,0.403324,-0.174831,-0.220503,20.731415,9.000303,1.799103,0.077363,0.107455,-0.132089,20.731415,9.000303,1.799103,-0.177228,0.298132,-0.120371,20.731415,9.000303,1.799103,-0.253925,0.366307,-0.173633,20.731415,9.000303,1.799103,-0.227294,0.318372,-0.216242,20.731415,9.000303,1.799103,-0.156989,0.206522,-0.196003,20.731415,9.000303,1.799103,-0.065379,0.169239,-0.083088,20.731415,9.000303,1.799103,-0.057922,0.167108,-0.024500,20.731415,9.000303,1.799103,-0.086683,0.188413,-0.015978,20.731415,9.000303,1.799103,-0.078161,0.172435,-0.056457,0
-12.858131,-21.352652,4.769494,-0.072835,-2.387320,-5.817371,-12.858131,-21.352652,4.769494,-0.060053,-2.158295,-3.624988,-12.858131,-21.352652,4.769494,1.381208,-0.514641,3.695426,-12.858131,-21.352652,4.769494,4.051880,2.088922,13.186919,-12.858131,-21.352652,4.769494,4.657998,5.522168,20.847277,-12.858131,-21.352652,4.769494,-0.098401,11.869093,25.521652,-12.858131,-21.352652,4.769494,-11.239007,15.732693,23.074678,-12.858131,-21.352652,4.769494,-16.263845,3.742164,13.044178,-12.858131,-21.352652,4.769494,-6.355846,-6.574884,1.939922,-12.858131,-21.352652,4.769494,5.504858,-3.375990,-4.833096,-12.858131,-21.352652,4.769494,5.280094,-2.255231,-4.840552,-12.858131,-21.352652,4.769494,0.792134,1.019295,-2.619408,-12.858131,-21.352652,4.769494,-0.329556,3.206352,-1.960029,-12.858131,-21.352652,4.769494,1.703973,1.570020,-4.032972,-12.858131,-21.352652,4.769494,3.502087,-1.160172,-7.401372,-12.858131,-21.352652,4.769494,3.639502,-2.962679,-9.993217,-12.858131,-21.352652,4.769494,2.903426,-3.286510,-10.919971,-12.858131,-21.352652,4.769494,1.927672,-2.684654,-10.623836,-12.858131,-21.352652,4.769494,1.143661,-1.845117,-10.238221,-12.858131,-21.352652,4.769494,1.037138,-1.358305,-10.720772,0
-13.528720,-22.296621,0.534497,0.780416,-2.689980,-6.484207,-13.528720,-22.296621,0.534497,-0.099466,-2.604761,-4.411130,-13.528720,-22.296621,0.534497,-0.915568,-1.080279,2.640846,-13.528720,-22.296621,0.534497,-0.165511,0.487744,12.609563,-13.528720,-22.296621,0.534497,0.872026,0.994794,20.708796,-13.528720,-22.296621,0.534497,0.141277,2.298773,25.030579,-13.528720,-22.296621,0.534497,-5.789142,6.912430,24.576790,-13.528720,-22.296621,0.534497,-11.480815,3.819926,17.941187,-13.528720,-22.296621,0.534497,-5.228696,-2.266949,6.449187,-13.528720,-22.296621,0.534497,3.184647,-4.898208,-3.555748,-13.528720,-22.296621,0.534497,2.779859,-3.799953,-5.588346,-13.528720,-22.296621,0.534497,0.225430,2.074941,-3.309679,-13.528720,-22.296621,0.534497,0.299996,2.334991,-2.577864,-13.528720,-22.296621,0.534497,1.891454,0.284284,-5.283689,-13.528720,-22.296621,0.534497,3.098363,-0.454988,-8.562476,-13.528720,-22.296621,0.534497,3.232583,-1.143128,-10.608922,-13.528720,-22.296621,0.534497,2.755358,-1.155911,-11.401455,-13.528720,-22.296621,0.534497,2.054435,-1.137802,-11.027558,-13.528720,-22.296621,0.534497,1.220358,-1.438198,-10.440615,-13.528720,-22.296621,0.534497,0.510912,-1.514894,-10.306396,0
20.158932,7.134201,7.972287,-2.007432,3.172264,0.261115,20.158932,7.134201,7.972287,0.397998,0.575093,-0.607183,20.158932,7.134201,7.972287,1.074421,-0.085352,-1.643655,20.158932,7.134201,7.972287,0.229691,0.286415,-2.075074,20.158932,7.134201,7.972287,-0.317839,0.509048,-2.140053,20.158932,7.134201,7.972287,-0.297599,0.541005,-2.179467,20.158932,7.134201,7.972287,0.145537,0.571897,-2.046313,20.158932,7.134201,7.972287,0.634479,0.499461,-1.678807,20.158932,7.134201,7.972287,0.719698,0.434482,-1.248453,20.158932,7.134201,7.972287,0.469368,0.537810,-0.821295,20.158932,7.134201,7.972287,0.206256,0.424895,-0.548595,20.158932,7.134201,7.972287,0.076297,0.106390,-0.480420,20.158932,7.134201,7.972287,0.018775,0.017976,-0.406919,20.158932,7.134201,7.972287,-0.038748,0.147934,-0.221568,20.158932,7.134201,7.972287,-0.150597,0.167108,-0.002130,20.158932,7.134201,7.972287,-0.281621,0.078694,0.180158,20.158932,7.134201,7.972287,-0.246468,-0.028894,0.304790,20.158932,7.134201,7.972287,-0.098401,-0.061917,0.304790,20.158932,7.134201,7.972287,-0.023835,0.138347,0.212115,20.158932,7.134201,7.972287,0.004927,0.319437,0.156722,0
-21.872194,-21.702602,2.541776,-1.621817,-3.006354,-5.929220,-21.872194,-21.702602,2.541776,-2.844705,-1.473350,-2.368013,-21.872194,-21.702602,2.541776,-1.992518,0.153260,6.803910,-21.872194,-21.702602,2.541776,0.003861,1.231276,17.191263,-21.872194,-21.702602,2.541776,0.217973,2.985848,24.072935,-21.872194,-21.702602,2.541776,-3.161079,7.986185,26.081964,-21.872194,-21.702602,2.541776,-10.249406,12.087465,19.904545,-21.872194,-21.702602,2.541776,-8.403224,-1.060040,6.239336,-21.872194,-21.702602,2.541776,1.274684,-14.894621,-4.942814,-21.872194,-21.702602,2.541776,3.139908,-8.569134,-5.757718,-21.872194,-21.702602,2.541776,0.935940,1.016099,-1.944050,-21.872194,-21.702602,2.541776,-0.478689,2.319012,-2.365883,-21.872194,-21.702602,2.541776,1.491992,-1.293326,-6.129484,-21.872194,-21.702602,2.541776,4.017793,-3.072398,-9.040766,-21.872194,-21.702602,2.541776,3.837635,-2.210492,-10.145546,-21.872194,-21.702602,2.541776,2.286656,-1.430741,-10.510921,-21.872194,-21.702602,2.541776,0.812373,-1.235803,-10.657923,-21.872194,-21.702602,2.541776,-0.194272,-1.362566,-10.647270,-21.872194,-21.702602,2.541776,-0.870828,-2.266949,-10.702662,-21.872194,-21.702602,2.541776,-1.782668,-3.463339,-10.644074,0
21.112173,7.246963,7.910073,-3.284646,4.798875,2.437386,21.112173,7.246963,7.910073,-0.392405,1.227015,0.174831,21.112173,7.246963,7.910073,2.385722,-1.263499,-1.922746,21.112173,7.246963,7.910073,2.008630,-1.605439,-2.474536,21.112173,7.246963,7.910073,0.650458,-0.288811,-1.844984,21.112173,7.246963,7.910073,0.045406,0.576158,-0.950188,21.112173,7.246963,7.910073,0.109320,0.602789,-0.550725,21.112173,7.246963,7.910073,0.523695,0.252327,-0.584813,21.112173,7.246963,7.910073,0.959376,-0.162049,-0.686010,21.112173,7.246963,7.910073,1.071225,-0.328225,-0.618900,21.112173,7.246963,7.910073,0.897592,-0.301594,-0.320635,21.112173,7.246963,7.910073,0.509847,-0.160983,0.066044,21.112173,7.246963,7.910073,0.075232,0.123434,0.317573,21.112173,7.246963,7.910073,-0.186815,0.368437,0.355921,21.112173,7.246963,7.910073,-0.183620,0.284284,0.246202,21.112173,7.246963,7.910073,0.090145,-0.205723,0.173766,21.112173,7.246963,7.910073,0.303192,-0.648860,0.134353,21.112173,7.246963,7.910073,0.313844,-0.515706,0.102262,21.112173,7.246963,7.910073,0.231821,-0.101330,0.095871,21.112173,7.246963,7.910073,0.145537,0.142608,0.030892,0
-22.459034,-18.717855,3.988835,-0.957112,-2.661218,-4.797943,-22.459034,-18.717855,3.988835,-1.388531,-1.672549,-0.694532,-22.459034,-18.717855,3.988835,-0.090944,0.968164,7.159698,-22.459034,-18.717855,3.988835,1.418491,2.947500,15.221647,-22.459034,-18.717855,3.988835,0.906114,4.763722,20.980431,-22.459034,-18.717855,3.988835,-2.216217,8.705217,24.094240,-22.459034,-18.717855,3.988835,-8.682315,13.209156,21.780420,-22.459034,-18.717855,3.988835,-11.968692,6.668359,11.545395,-22.459034,-18.717855,3.988835,-2.731790,-6.117899,-1.055646,-22.459034,-18.717855,3.988835,5.883016,-8.477524,-6.874082,-22.459034,-18.717855,3.988835,4.423646,-1.864291,-5.212318,-22.459034,-18.717855,3.988835,0.716502,1.725544,-2.928326,-22.459034,-18.717855,3.988835,0.018775,0.747660,-3.885970,-22.459034,-18.717855,3.988835,1.749778,-1.204912,-7.652767,-22.459034,-18.717855,3.988835,3.334845,-3.379185,-11.240605,-22.459034,-18.717855,3.988835,3.103690,-4.628704,-12.883195,-22.459034,-18.717855,3.988835,1.555906,-4.276112,-12.736193,-22.459034,-18.717855,3.988835,-0.080292,-3.024463,-11.822223,-22.459034,-18.717855,3.988835,-1.165897,-2.205166,-11.362041,-22.459034,-18.717855,3.988835,-1.709166,-2.894505,-10.942340,0
-12.742977,-16.288841,4.326522,-1.027417,-1.862160,-5.156926,-12.742977,-16.288841,4.326522,-0.972025,-2.255231,-3.565335,-12.742977,-16.288841,4.326522,0.576957,-1.334870,1.360436,-12.742977,-16.288841,4.326522,2.654161,1.630739,9.018529,-12.742977,-16.288841,4.326522,3.139908,4.922442,16.123899,-12.742977,-16.288841,4.326522,1.222488,7.693246,20.693882,-12.742977,-16.288841,4.326522,-3.554150,11.662437,21.711180,-12.742977,-16.288841,4.326522,-7.854629,8.447431,17.173155,-12.742977,-16.288841,4.326522,-5.209522,-4.718184,7.371679,-12.742977,-16.288841,4.326522,1.452578,-6.570623,-2.117683,-12.742977,-16.288841,4.326522,2.205698,0.620898,-3.985037,-12.742977,-16.288841,4.326522,-0.198533,3.281983,-1.938724,-12.742977,-16.288841,4.326522,0.278692,0.751921,-2.668409,-12.742977,-16.288841,4.326522,2.502898,-1.752442,-6.036808,-12.742977,-16.288841,4.326522,2.860816,-2.921135,-8.583781,-12.742977,-16.288841,4.326522,1.417426,-3.356816,-9.577776,-12.742977,-16.288841,4.326522,-0.125032,-2.990376,-9.904803,-12.742977,-16.288841,4.326522,-1.081744,-2.407560,-10.078436,-12.742977,-16.288841,4.326522,-1.555773,-2.484257,-10.404397,-12.742977,-16.288841,4.326522,-1.627144,-3.102225,-10.583357,0
23.610579,10.488041,4.189833,-0.975221,1.598782,-0.836208,23.610579,10.488041,4.189833,0.785743,-0.545532,-1.887593,23.610579,10.488041,4.189833,0.621697,-0.530619,-1.932333,23.610579,10.488041,4.189833,-0.641670,0.424895,-1.397586,23.610579,10.488041,4.189833,-1.214898,0.512244,-1.043928,23.610579,10.488041,4.189833,-0.649126,-0.361247,-1.008776,23.610579,10.488041,4.189833,0.244604,-1.087736,-0.981080,23.610579,10.488041,4.189833,0.620631,-1.047257,-0.719032,23.610579,10.488041,4.189833,0.413976,-0.581750,-0.237547,23.610579,10.488041,4.189833,0.027297,-0.103461,0.176962,23.610579,10.488041,4.189833,-0.202794,0.027563,0.284550,23.610579,10.488041,4.189833,-0.232620,-0.182288,0.147135,23.610579,10.488041,4.189833,-0.168706,-0.302659,0.013848,23.610579,10.488041,4.189833,-0.145271,-0.109852,0.075632,23.610579,10.488041,4.189833,-0.163380,0.243805,0.230223,23.610579,10.488041,4.189833,-0.086683,0.353524,0.390008,23.610579,10.488041,4.189833,0.081623,0.163913,0.456053,23.610579,10.488041,4.189833,0.238213,0.001997,0.386813,23.610579,10.488041,4.189833,0.293605,-0.028894,0.297333,23.610579,10.488041,4.189833,0.221169,0.071237,0.257920,0
-12.182458,-17.714066,-1.243071,-0.970960,-3.802083,-7.176608,-12.182458,-17.714066,-1.243071,-2.977859,-3.575188,-5.821631,-12.182458,-17.714066,-1.243071,-2.906488,-1.281608,-0.611444,-12.182458,-17.714066,-1.243071,0.538608,1.092796,7.247046,-12.182458,-17.714066,-1.243071,3.961335,3.093437,13.967735,-12.182458,-17.714066,-1.243071,4.044424,5.409253,18.143581,-12.182458,-17.714066,-1.243071,1.888259,7.938250,20.769514,-12.182458,-17.714066,-1.243071,-1.449250,10.716377,22.405712,-12.182458,-17.714066,-1.243071,-5.791273,12.983326,18.423738,-12.182458,-17.714066,-1.243071,-6.121495,5.863042,4.785293,-12.182458,-17.714066,-1.243071,0.299996,-9.070859,-4.556135,-12.182458,-17.714066,-1.243071,2.946035,-9.384037,-4.568918,-12.182458,-17.714066,-1.243071,1.178813,0.337546,-3.498225,-12.182458,-17.714066,-1.243071,0.456585,2.617278,-4.203410,-12.182458,-17.714066,-1.243071,1.212901,-1.052583,-6.604578,-12.182458,-17.714066,-1.243071,1.249119,-3.923520,-9.394556,-12.182458,-17.714066,-1.243071,0.174299,-4.529637,-10.968970,-12.182458,-17.714066,-1.243071,-1.127549,-4.092892,-11.441935,-12.182458,-17.714066,-1.243071,-1.981866,-3.680646,-11.470695,-12.182458,-17.714066,-1.243071,-2.475069,-3.517666,-11.372694,0
-23.810081,-21.151655,5.318048,-1.349118,-3.208748,-5.456257,-23.810081,-21.151655,5.318048,-1.470554,-2.266949,-2.026073,-23.810081,-21.151655,5.318048,0.065645,-0.535945,4.519917,-23.810081,-21.151655,5.318048,2.876795,1.279212,11.591200,-23.810081,-21.151655,5.318048,4.574910,3.226591,16.799257,-23.810081,-21.151655,5.318048,2.870404,7.058367,20.121853,-23.810081,-21.151655,5.318048,-3.677717,11.572958,20.498945,-23.810081,-21.151655,5.318048,-8.526791,5.019378,13.902756,-23.810081,-21.151655,5.318048,-3.831110,-7.878863,2.338320,-23.810081,-21.151655,5.318048,1.731669,-4.596747,-4.315259,-23.810081,-21.151655,5.318048,1.452578,2.495841,-3.540835,-23.810081,-21.151655,5.318048,-0.081357,2.546972,-3.255352,-23.810081,-21.151655,5.318048,1.654973,0.031824,-6.103919,-23.810081,-21.151655,5.318048,3.686372,-2.503431,-9.255011,-23.810081,-21.151655,5.318048,3.009949,-3.828714,-10.898665,-23.810081,-21.151655,5.318048,0.764438,-3.537905,-11.108517,-23.810081,-21.151655,5.318048,-1.186137,-2.867874,-10.744206,-23.810081,-21.151655,5.318048,-2.087324,-2.468278,-10.452332,-23.810081,-21.151655,5.318048,-2.208761,-2.279732,-10.140220,-23.810081,-21.151655,5.318048,-1.854038,-3.257749,-9.436100,0
16.081861,9.733404,4.759923,-0.978417,2.248707,-0.107589,16.081861,9.733404,4.759923,1.084008,-0.502923,-1.445521,16.081861,9.733404,4.759923,1.617689,-1.744985,-2.134727,16.081861,9.733404,4.759923,1.137269,-1.412632,-1.816222,16.081861,9.733404,4.759923,0.763373,-0.664839,-1.071624,16.081861,9.733404,4.759923,0.637675,-0.138613,-0.409049,16.081861,9.733404,4.759923,0.279757,0.151130,-0.002130,16.081861,9.733404,4.759923,-0.128227,0.345002,0.004261,16.081861,9.733404,4.759923,-0.332752,0.232088,-0.155524,16.081861,9.733404,4.759923,-0.348731,-0.020373,-0.235417,16.081861,9.733404,4.759923,-0.242207,-0.055525,-0.133154,16.081861,9.733404,4.759923,-0.185750,0.091477,0.104393,16.081861,9.733404,4.759923,-0.247534,0.366307,0.369769,16.081861,9.733404,4.759923,-0.293339,0.571897,0.598794,16.081861,9.733404,4.759923,-0.216642,0.528222,0.695730,16.081861,9.733404,4.759923,0.040079,0.223566,0.621164,16.081861,9.733404,4.759923,0.397998,-0.151396,0.514641,16.081861,9.733404,4.759923,0.614240,-0.349530,0.441140,16.081861,9.733404,4.759923,0.645132,-0.246202,0.474162,16.081861,9.733404,4.759923,0.470434,0.001997,0.482684,0
-13.993526,-18.492630,0.486640,-0.480820,-2.916874,-7.734790,-13.993526,-18.492630,0.486640,-0.796262,-4.458267,-5.629889,-13.993526,-18.492630,0.486640,0.334084,-3.451621,-0.960840,-13.993526,-18.492630,0.486640,1.913824,0.782813,5.908049,-13.993526,-18.492630,0.486640,2.822468,3.832708,12.744847,-13.993526,-18.492630,0.486640,2.591312,4.749874,17.630138,-13.993526,-18.492630,0.486640,-0.070705,7.063694,20.877102,-13.993526,-18.492630,0.486640,-5.410985,10.209327,20.337029,-13.993526,-18.492630,0.486640,-8.735577,3.465203,12.125947,-13.993526,-18.492630,0.486640,-4.827104,-6.140269,2.569475,-13.993526,-18.492630,0.486640,0.269104,-0.704252,-2.553364,-13.993526,-18.492630,0.486640,1.698647,4.168257,-3.411941,-13.993526,-18.492630,0.486640,1.812627,0.811574,-3.187177,-13.993526,-18.492630,0.486640,2.588117,-0.805449,-4.016994,-13.993526,-18.492630,0.486640,3.347628,-0.084287,-5.953721,-13.993526,-18.492630,0.486640,3.583045,-0.942864,-8.137448,-13.993526,-18.492630,0.486640,3.117537,-2.830590,-9.701344,-13.993526,-18.492630,0.486640,1.866954,-4.007673,-10.261656,-13.993526,-18.492630,0.486640,0.294670,-3.887302,-10.247808,-13.993526,-18.492630,0.486640,-0.752587,-3.289706,-10.168981,0
42.728931,-0.286840,4.252046,2.672270,-2.987180,-1.060972,42.728931,-0.286840,4.252046,-0.301860,2.472406,-0.594400,42.728931,-0.286840,4.252046,-1.650579,2.715279,0.327160,42.728931,-0.286840,4.252046,-0.016378,1.044860,-0.524095,42.728931,-0.286840,4.252046,1.172422,-0.472031,-1.813027,42.728931,-0.286840,4.252046,0.863505,-1.168694,-2.329665,42.728931,-0.286840,4.252046,0.245669,-1.035540,-2.209293,42.728931,-0.286840,4.252046,0.045406,-0.791601,-1.830070,42.728931,-0.286840,4.252046,0.183886,-0.769231,-1.410369,42.728931,-0.286840,4.252046,0.356454,-0.636077,-0.949123,42.728931,-0.286840,4.252046,0.356454,-0.365508,-0.468703,42.728931,-0.286840,4.252046,0.290409,-0.160983,-0.052196,42.728931,-0.286840,4.252046,0.167907,0.048868,0.182288,42.728931,-0.286840,4.252046,-0.034487,0.219305,0.260050,42.728931,-0.286840,4.252046,-0.174032,0.262979,0.273898,42.728931,-0.286840,4.252046,-0.178293,0.113847,0.217441,42.728931,-0.286840,4.252046,-0.062183,-0.071504,0.245137,42.728931,-0.286840,4.252046,0.028362,-0.077895,0.460314,42.728931,-0.286840,4.252046,0.000666,0.089346,0.691469,42.728931,-0.286840,4.252046,0.021970,0.317306,0.864037,0
-8.218149,-22.794926,2.318944,-1.181876,-1.911161,-8.704152,-8.218149,-22.794926,2.318944,-1.784798,-1.880269,-7.414155,-8.218149,-22.794926,2.318944,0.073102,-1.311435,-1.822614,-8.218149,-22.794926,2.318944,3.747090,0.725291,6.363968,-8.218149,-22.794926,2.318944,5.479292,4.063864,13.740840,-8.218149,-22.794926,2.318944,3.192104,7.147847,18.206430,-8.218149,-22.794926,2.318944,-2.643376,9.558469,19.360210,-8.218149,-22.794926,2.318944,-7.031204,8.131057,17.572617,-8.218149,-22.794926,2.318944,-4.894213,-1.225151,12.552040,-8.218149,-22.794926,2.318944,-1.811429,-4.693683,5.739742,-8.218149,-22.794926,2.318944,-2.554961,2.170945,0.230223,-8.218149,-22.794926,2.318944,-2.297175,5.226033,-2.974131,-8.218149,-22.794926,2.318944,0.581218,1.080013,-4.273715,-8.218149,-22.794926,2.318944,3.039776,-0.595598,-5.783283,-8.218149,-22.794926,2.318944,3.492500,-0.576424,-8.286581,-8.218149,-22.794926,2.318944,3.033384,-2.033663,-10.377767,-8.218149,-22.794926,2.318944,2.070414,-3.106486,-11.460043,-8.218149,-22.794926,2.318944,0.609979,-3.156552,-11.497326,-8.218149,-22.794926,2.318944,-0.502124,-3.014876,-10.817708,-8.218149,-22.794926,2.318944,-0.858045,-3.110747,-10.373506,0
32.526535,-0.215055,4.098905,-1.364031,0.829683,0.750057,32.526535,-0.215055,4.098905,-1.377879,3.857209,0.571098,32.526535,-0.215055,4.098905,-0.305056,1.216363,-0.726489,32.526535,-0.215055,4.098905,0.493869,-0.901320,-1.261236,32.526535,-0.215055,4.098905,0.468303,-0.630751,-1.115299,32.526535,-0.215055,4.098905,0.134885,0.041411,-0.755250,32.526535,-0.215055,4.098905,-0.027030,0.142608,-0.554986,32.526535,-0.215055,4.098905,-0.008921,-0.145005,-0.615705,32.526535,-0.215055,4.098905,0.063515,-0.478423,-0.638075,32.526535,-0.215055,4.098905,0.088015,-0.509315,-0.475094,32.526535,-0.215055,4.098905,-0.006791,-0.162049,-0.266308,32.526535,-0.215055,4.098905,-0.160184,0.286415,-0.119306,32.526535,-0.215055,4.098905,-0.254990,0.553788,-0.084153,32.526535,-0.215055,4.098905,-0.256055,0.634746,-0.148067,32.526535,-0.215055,4.098905,-0.257121,0.774291,-0.158720,32.526535,-0.215055,4.098905,-0.281621,1.069361,-0.044740,32.526535,-0.215055,4.098905,-0.220903,1.133275,0.173766,32.526535,-0.215055,4.098905,-0.197468,0.742334,0.411313,32.526535,-0.215055,4.098905,-0.207055,0.482417,0.534880,32.526535,-0.215055,4.098905,-0.161250,0.596397,0.565772,0
-13.727624,-15.040685,-1.750948,-10.967373,10.613050,4.673310,-13.727624,-15.040685,-1.750948,-18.432659,19.435575,9.551279,-13.727624,-15.040685,-1.750948,-19.333847,23.111828,13.512880,-13.727624,-15.040685,-1.750948,-9.488696,24.414608,14.715662,-13.727624,-15.040685,-1.750948,6.828943,17.193260,9.488430,-13.727624,-15.040685,-1.750948,13.617939,0.283219,3.916995,-13.727624,-15.040685,-1.750948,8.326660,-6.733604,4.530569,-13.727624,-15.040685,-1.750948,5.315247,-2.415016,3.061613,-13.727624,-15.040685,-1.750948,5.453727,-2.213687,-0.763772,-13.727624,-15.040685,-1.750948,4.505670,-5.176234,-2.273207,-13.727624,-15.040685,-1.750948,5.348269,-10.347008,-3.236178,-13.727624,-15.040685,-1.750948,7.692847,-14.969187,-3.365071,-13.727624,-15.040685,-1.750948,10.009862,-16.517103,-2.755758,-13.727624,-15.040685,-1.750948,10.764047,-16.783413,-2.603430,-13.727624,-15.040685,-1.750948,9.782967,-17.594055,-2.153901,-13.727624,-15.040685,-1.750948,7.770608,-16.800455,-0.911839,-13.727624,-15.040685,-1.750948,3.508478,-9.826109,1.936727,-13.727624,-15.040685,-1.750948,-4.125115,3.264939,8.120538,-13.727624,-15.040685,-1.750948,-11.786537,13.809947,15.180103,-13.727624,-15.040685,-1.750948,-16.441738,19.887236,18.861681,1
14.289937,2.755335,13.985151,0.680284,-8.017344,1.996380,14.289937,2.755335,13.985151,0.114646,-3.998086,1.258173,14.289937,2.755335,13.985151,-0.461645,-0.077895,0.442205,14.289937,2.755335,13.985151,-0.746196,1.196123,0.139679,14.289937,2.755335,13.985151,-0.571364,0.752987,0.105458,14.289937,2.755335,13.985151,0.035818,-0.235550,-0.050066,14.289937,2.755335,13.985151,0.629153,-0.673360,-0.243938,14.289937,2.755335,13.985151,0.731416,-0.351660,-0.313179,14.289937,2.755335,13.985151,0.351127,0.142608,-0.214112,14.289937,2.755335,13.985151,-0.163380,0.516505,-0.147002,14.289937,2.755335,13.985151,-0.502124,0.724225,-0.207720,14.289937,2.755335,13.985151,-0.496798,0.566571,-0.248199,14.289937,2.755335,13.985151,-0.253925,0.115977,-0.213047,14.289937,2.755335,13.985151,-0.019574,-0.352725,-0.148067,14.289937,2.755335,13.985151,0.131689,-0.523163,-0.122502,14.289937,2.755335,13.985151,0.216908,-0.482684,-0.136350,14.289937,2.755335,13.985151,0.325562,-0.556185,-0.188546,14.289937,2.755335,13.985151,0.487477,-0.793732,-0.295070,14.289937,2.755335,13.985151,0.579087,-1.014235,-0.370701,14.289937,2.755335,13.985151,0.562044,-1.179346,-0.434615,1
-19.630119,-27.638597,23.638695,-15.633226,18.532259,10.647404,-19.630119,-27.638597,23.638695,-17.681669,23.086264,15.789416,-19.630119,-27.638597,23.638695,-10.354864,22.821020,17.319092,-19.630119,-27.638597,23.638695,3.864266,19.771124,10.583489,-19.630119,-27.638597,23.638695,11.819693,5.620170,0.804384,-19.630119,-27.638597,23.638695,7.684325,-10.690013,0.380421,-19.630119,-27.638597,23.638695,4.484365,-9.648215,1.806768,-19.630119,-27.638597,23.638695,5.145875,-2.438452,-1.623415,-19.630119,-27.638597,23.638695,2.853360,0.882945,-3.612205,-19.630119,-27.638597,23.638695,1.418491,-2.859352,-4.600874,-19.630119,-27.638597,23.638695,3.591566,-9.168860,-5.299667,-19.630119,-27.638597,23.638695,6.315500,-11.785072,-4.884227,-19.630119,-27.638597,23.638695,7.910154,-12.154841,-4.040429,-19.630119,-27.638597,23.638695,8.369269,-13.144443,-3.257483,-19.630119,-27.638597,23.638695,7.971938,-14.400352,-2.444710,-19.630119,-27.638597,23.638695,6.118432,-12.841917,-0.793599,-19.630119,-27.638597,23.638695,0.310649,-5.740807,3.422727,-19.630119,-27.638597,23.638695,-7.908956,4.313128,10.341681,-19.630119,-27.638597,23.638695,-14.558273,11.810505,17.347853,-19.630119,-27.638597,23.638695,-17.632669,16.763971,21.922096,1
-15.246468,-17.187046,14.871393,-8.144372,10.787748,7.291786,-15.246468,-17.187046,14.871393,-12.112498,20.463526,13.805820,-15.246468,-17.187046,14.871393,-11.977214,25.031378,18.855289,-15.246468,-17.187046,14.871393,-2.238587,23.302505,16.964369,-15.246468,-17.187046,14.871393,10.042884,17.285936,6.145596,-15.246468,-17.187046,14.871393,8.442771,3.318201,-1.432738,-15.246468,-17.187046,14.871393,3.270931,-7.711621,0.540206,-15.246468,-17.187046,14.871393,5.324833,-6.898715,0.484814,-15.246468,-17.187046,14.871393,6.351718,-0.984408,-2.174141,-15.246468,-17.187046,14.871393,3.015275,2.130466,-3.221265,-15.246468,-17.187046,14.871393,1.386534,-2.054968,-4.034038,-15.246468,-17.187046,14.871393,2.725532,-7.873537,-4.702072,-15.246468,-17.187046,14.871393,4.735760,-11.303587,-4.879966,-15.246468,-17.187046,14.871393,6.240934,-13.024072,-4.582766,-15.246468,-17.187046,14.871393,6.899248,-13.933781,-3.914731,-15.246468,-17.187046,14.871393,6.702180,-13.932715,-2.728062,-15.246468,-17.187046,14.871393,5.355725,-12.181472,-0.907579,-15.246468,-17.187046,14.871393,1.888259,-7.714817,1.984662,-15.246468,-17.187046,14.871393,-4.507534,-0.472031,7.088327,-15.246468,-17.187046,14.871393,-11.258182,7.277805,14.123392,1
21.814167,3.531507,8.135298,1.907433,-12.246451,1.893052,21.814167,3.531507,8.135298,0.428889,-5.066514,0.819297,21.814167,3.531507,8.135298,-0.604387,0.993729,-0.068175,21.814167,3.531507,8.135298,-1.262834,3.907275,0.262180,21.814167,3.531507,8.135298,-1.352313,2.994370,0.708513,21.814167,3.531507,8.135298,-0.297599,-0.279224,0.459249,21.814167,3.531507,8.135298,1.087204,-2.689980,-0.182155,21.814167,3.531507,8.135298,1.616624,-2.671871,-0.417571,21.814167,3.531507,8.135298,1.154313,-1.144193,-0.242873,21.814167,3.531507,8.135298,0.182821,0.684812,0.070305,21.814167,3.531507,8.135298,-0.677888,1.821415,0.303725,21.814167,3.531507,8.135298,-1.050852,1.829937,0.359117,21.814167,3.531507,8.135298,-0.715304,0.767900,0.234484,21.814167,3.531507,8.135298,-0.020639,-0.606251,0.057523,21.814167,3.531507,8.135298,0.487477,-1.375349,-0.062849,21.814167,3.531507,8.135298,0.552456,-1.243260,-0.139546,21.814167,3.531507,8.135298,0.270170,-0.612642,-0.190677,21.814167,3.531507,8.135298,-0.087749,-0.033155,-0.249265,21.814167,3.531507,8.135298,-0.235816,0.133021,-0.324896,21.814167,3.531507,8.135298,-0.093075,-0.189745,-0.411180,1
-12.800704,-20.832811,28.980671,-12.024084,16.851320,9.007876,-12.800704,-20.832811,28.980671,-10.481627,19.552752,13.946430,-12.800704,-20.832811,28.980671,-1.486533,18.210558,15.513521,-12.800704,-20.832811,28.980671,9.940621,16.123766,6.450252,-12.800704,-20.832811,28.980671,10.163255,8.147036,-3.253222,-12.800704,-20.832811,28.980671,2.167350,1.929004,-1.104647,-12.800704,-20.832811,28.980671,1.047790,-0.180158,1.805703,-12.800704,-20.832811,28.980671,5.079830,-3.944824,-0.624227,-12.800704,-20.832811,28.980671,3.776917,-4.305938,-2.197576,-12.800704,-20.832811,28.980671,1.089334,-5.455325,-2.787715,-12.800704,-20.832811,28.980671,1.935129,-10.357660,-3.617531,-12.800704,-20.832811,28.980671,4.032706,-14.417397,-3.827382,-12.800704,-20.832811,28.980671,5.502728,-15.478369,-3.315005,-12.800704,-20.832811,28.980671,6.222825,-14.625116,-2.363752,-12.800704,-20.832811,28.980671,6.303783,-12.731133,-1.393325,-12.800704,-20.832811,28.980671,3.894093,-8.275129,0.725557,-12.800704,-20.832811,28.980671,-3.944025,1.049121,5.873961,-12.800704,-20.832811,28.980671,-13.089317,9.692688,12.529671,-12.800704,-20.832811,28.980671,-17.494188,14.033647,16.900455,-12.800704,-20.832811,28.980671,-10.713847,19.822256,15.529500,1
-0.339183,-18.571594,23.674587,-9.418391,13.620336,11.575221,-0.339183,-18.571594,23.674587,-9.596285,17.260370,14.350286,-0.339183,-18.571594,23.674587,-6.402716,19.386576,14.920186,-0.339183,-18.571594,23.674587,0.686676,18.314951,11.845791,-0.339183,-18.571594,23.674587,7.405234,13.612879,4.558265,-0.339183,-18.571594,23.674587,7.980460,2.383991,-1.907832,-0.339183,-18.571594,23.674587,5.380226,-7.441052,-2.132596,-0.339183,-18.571594,23.674587,4.287297,-5.241213,-1.338998,-0.339183,-18.571594,23.674587,3.392368,-0.714904,-2.838846,-0.339183,-18.571594,23.674587,1.748713,-1.969749,-4.859726,-0.339183,-18.571594,23.674587,1.627277,-6.959434,-6.649318,-0.339183,-18.571594,23.674587,3.880244,-11.528351,-7.023214,-0.339183,-18.571594,23.674587,6.843856,-12.686393,-6.144397,-0.339183,-18.571594,23.674587,8.987238,-12.436063,-5.381691,-0.339183,-18.571594,23.674587,9.438897,-13.237118,-4.708463,-0.339183,-18.571594,23.674587,7.554366,-11.944990,-2.666278,-0.339183,-18.571594,23.674587,1.534601,-5.119776,2.340450,-0.339183,-18.571594,23.674587,-6.971550,3.410876,9.649281,-0.339183,-18.571594,23.674587,-12.284001,7.087129,15.769177,-0.339183,-18.571594,23.674587,-13.025403,10.784553,17.982731,1
1.543670,-23.365015,25.490440,-10.677629,14.495957,11.672157,1.543670,-23.365015,25.490440,-12.289327,20.915318,15.156668,1.543670,-23.365015,25.490440,-5.577161,23.661489,15.696741,1.543670,-23.365015,25.490440,5.998061,19.064875,9.881501,1.543670,-23.365015,25.490440,10.471107,5.808716,1.771616,1.543670,-23.365015,25.490440,7.462756,-6.287271,0.480553,1.543670,-23.365015,25.490440,4.679302,-5.426563,1.148454,1.543670,-23.365015,25.490440,3.971988,-2.348972,-1.210105,1.543670,-23.365015,25.490440,2.902360,-3.862801,-4.186366,1.543670,-23.365015,25.490440,1.974543,-8.575525,-6.405379,1.543670,-23.365015,25.490440,3.544696,-13.454426,-7.026410,1.543670,-23.365015,25.490440,6.632940,-14.513268,-6.064505,1.543670,-23.365015,25.490440,8.680450,-13.510883,-5.348668,1.543670,-23.365015,25.490440,8.378857,-14.272525,-4.768116,1.543670,-23.365015,25.490440,5.951190,-14.083979,-3.121133,1.543670,-23.365015,25.490440,-0.737674,-6.203118,1.702376,1.543670,-23.365015,25.490440,-9.986160,5.008726,10.807188,1.543670,-23.365015,25.490440,-15.379702,8.795762,20.195353,1.543670,-23.365015,25.490440,-15.257199,11.552718,25.360802,1.543670,-23.365015,25.490440,-8.554487,20.391090,22.156448,1
19.780268,2.084448,8.923434,0.513043,-9.333971,0.613707,19.780268,2.084448,8.923434,1.124487,-6.089139,-0.635944,19.780268,2.084448,8.923434,1.194792,-2.855091,-1.560566,19.780268,2.084448,8.923434,0.491738,-0.880016,-1.533936,19.780268,2.084448,8.923434,-0.341274,-1.115432,-0.929948,19.780268,2.084448,8.923434,-0.445667,-2.738981,-0.624227,19.780268,2.084448,8.923434,0.030492,-2.915809,-0.961905,19.780268,2.084448,8.923434,-0.067509,-1.139933,-1.416760,19.780268,2.084448,8.923434,-0.689605,0.507983,-1.563762,19.780268,2.084448,8.923434,-1.111571,0.657116,-1.436999,19.780268,2.084448,8.923434,-1.045526,-0.146070,-1.323019,19.780268,2.084448,8.923434,-0.666170,-0.647795,-1.365629,19.780268,2.084448,8.923434,-0.435015,-0.472031,-1.391194,19.780268,2.084448,8.923434,-0.486146,-0.015046,-1.218627,19.780268,2.084448,8.923434,-0.610778,0.298132,-0.946992,19.780268,2.084448,8.923434,-0.628887,0.255523,-0.754185,19.780268,2.084448,8.923434,-0.476559,-0.069373,-0.690271,19.780268,2.084448,8.923434,-0.241142,-0.364443,-0.651923,19.780268,2.084448,8.923434,-0.116510,-0.398530,-0.589074,19.780268,2.084448,8.923434,-0.175098,-0.174831,-0.533682,1
10.459626,-9.435199,40.131523,-7.412557,12.157771,8.527456,10.459626,-9.435199,40.131523,-1.319291,12.691453,8.058754,10.459626,-9.435199,40.131523,4.493952,12.351644,6.388469,10.459626,-9.435199,40.131523,5.823363,9.688428,3.282116,10.459626,-9.435199,40.131523,5.663578,5.317643,-0.270569,10.459626,-9.435199,40.131523,5.255593,1.133275,-1.840723,10.459626,-9.435199,40.131523,3.815265,-0.559380,-2.363752,10.459626,-9.435199,40.131523,1.535667,-1.570287,-3.850817,10.459626,-9.435199,40.131523,0.464042,-4.041760,-6.444793,10.459626,-9.435199,40.131523,1.126617,-7.396312,-7.767812,10.459626,-9.435199,40.131523,2.913013,-10.123309,-6.680210,10.459626,-9.435199,40.131523,5.034025,-12.689589,-5.102599,10.459626,-9.435199,40.131523,5.949060,-15.371845,-3.826317,10.459626,-9.435199,40.131523,4.363993,-14.796619,-1.532870,10.459626,-9.435199,40.131523,-1.391727,-7.547575,3.576120,10.459626,-9.435199,40.131523,-8.169938,1.404909,10.897734,10.459626,-9.435199,40.131523,-11.593730,7.165956,17.942253,10.459626,-9.435199,40.131523,-9.930768,14.464001,20.529837,10.459626,-9.435199,40.131523,0.380954,19.429184,15.241887,10.459626,-9.435199,40.131523,12.841251,9.040766,7.505898,1
-9.576375,-20.995823,19.238295,-10.211058,10.516113,9.078182,-9.576375,-20.995823,19.238295,-9.990421,13.289048,13.512880,-9.576375,-20.995823,19.238295,-5.342809,13.995297,16.202726,-9.576375,-20.995823,19.238295,3.121799,13.051501,12.875871,-9.576375,-20.995823,19.238295,9.164066,8.702022,4.240826,-9.576375,-20.995823,19.238295,7.230536,0.987338,-1.237801,-9.576375,-20.995823,19.238295,4.279840,-4.428440,-0.810642,-9.576375,-20.995823,19.238295,3.649089,-4.722445,-0.973623,-9.576375,-20.995823,19.238295,3.806743,-3.611406,-3.351223,-9.576375,-20.995823,19.238295,2.572138,-4.072652,-5.335886,-9.576375,-20.995823,19.238295,1.692256,-7.026543,-6.581143,-9.576375,-20.995823,19.238295,2.729793,-10.034895,-6.884734,-9.576375,-20.995823,19.238295,4.431103,-10.613317,-6.522555,-9.576375,-20.995823,19.238295,5.625229,-9.927306,-5.995265,-9.576375,-20.995823,19.238295,5.789275,-10.006133,-4.540023,-9.576375,-20.995823,19.238295,5.132026,-9.754738,-2.389318,-9.576375,-20.995823,19.238295,1.519688,-5.658784,1.534069,-9.576375,-20.995823,19.238295,-6.103386,1.344191,8.191908,-9.576375,-20.995823,19.238295,-12.109303,6.317897,15.215256,-9.576375,-20.995823,19.238295,-13.023273,9.683102,20.792950,1
-3.858127,-16.911573,19.712671,-8.606684,9.085505,9.512930,-3.858127,-16.911573,19.712671,-9.273520,13.932449,12.991982,-3.858127,-16.911573,19.712671,-8.011218,18.909351,15.278105,-3.858127,-16.911573,19.712671,-2.676398,18.460888,13.561881,-3.858127,-16.911573,19.712671,6.118432,9.977106,6.259575,-3.858127,-16.911573,19.712671,10.553130,-3.897954,0.339942,-3.858127,-16.911573,19.712671,7.927198,-7.369681,1.837660,-3.858127,-16.911573,19.712671,4.437494,-0.339942,2.675998,-3.858127,-16.911573,19.712671,3.466934,2.625799,-0.754185,-3.858127,-16.911573,19.712671,2.601965,0.669898,-3.327788,-3.858127,-16.911573,19.712671,1.432339,-2.047511,-3.843361,-3.858127,-16.911573,19.712671,2.025674,-5.020710,-4.509131,-3.858127,-16.911573,19.712671,3.734308,-7.918276,-5.379560,-3.858127,-16.911573,19.712671,5.056395,-10.246876,-5.964373,-3.858127,-16.911573,19.712671,5.387682,-11.246064,-5.862111,-3.858127,-16.911573,19.712671,4.660128,-10.695339,-4.364260,-3.858127,-16.911573,19.712671,3.324193,-9.736629,-1.920615,-3.858127,-16.911573,19.712671,1.696517,-8.696961,0.477358,-3.858127,-16.911573,19.712671,-1.602643,-6.232945,3.695426,-3.858127,-16.911573,19.712671,-6.204583,-2.188122,8.469934,1
-10.714163,-16.240686,6.815357,-9.710265,8.614673,7.640118,-10.714163,-16.240686,6.815357,-12.993446,13.454160,11.609309,-10.714163,-16.240686,6.815357,-12.216891,20.074717,14.420592,-10.714163,-16.240686,6.815357,-3.399691,23.573074,13.739775,-10.714163,-16.240686,6.815357,8.464075,16.902452,7.963948,-10.714163,-16.240686,6.815357,11.323294,3.442833,2.642976,-10.714163,-16.240686,6.815357,6.548786,-4.130175,3.399292,-10.714163,-16.240686,6.815357,3.366802,-2.062424,3.833907,-10.714163,-16.240686,6.815357,2.988644,-1.691723,1.463763,-10.714163,-16.240686,6.815357,2.464550,-3.195965,-0.638075,-10.714163,-16.240686,6.815357,1.491992,-5.463847,-1.486000,-10.714163,-16.240686,6.815357,1.553776,-8.551025,-1.589328,-10.714163,-16.240686,6.815357,2.441115,-11.092671,-1.614893,-10.714163,-16.240686,6.815357,3.387042,-12.485064,-1.434869,-10.714163,-16.240686,6.815357,4.250013,-13.069877,-1.102516,-10.714163,-16.240686,6.815357,4.469451,-12.568151,-0.497464,-10.714163,-16.240686,6.815357,3.528718,-10.617577,0.609446,-10.714163,-16.240686,6.815357,0.686676,-6.902977,2.598237,-10.714163,-16.240686,6.815357,-4.963453,-0.807580,5.704589,-10.714163,-16.240686,6.815357,-12.026215,6.592727,8.851288,1
11.192428,6.717550,-13.371392,1.021159,-0.096004,0.326094,11.192428,6.717550,-13.371392,-1.214898,-0.518902,-1.049255,11.192428,6.717550,-13.371392,-2.901162,-0.579620,-1.557371,11.192428,6.717550,-13.371392,-3.125926,-1.618222,-1.606371,11.192428,6.717550,-13.371392,-2.600766,-3.459078,-1.685199,11.192428,6.717550,-13.371392,-2.265218,-4.880099,-1.927006,11.192428,6.717550,-13.371392,-2.399437,-5.786612,-2.375470,11.192428,6.717550,-13.371392,-3.250559,-6.108313,-2.655626,11.192428,6.717550,-13.371392,-4.705667,-6.114704,-2.571472,11.192428,6.717550,-13.371392,-5.661314,-6.554645,-2.460688,11.192428,6.717550,-13.371392,-5.015650,-6.778344,-2.457493,11.192428,6.717550,-13.371392,-3.736305,-6.369295,-2.310490,11.192428,6.717550,-13.371392,-2.942706,-6.039073,-1.769352,11.192428,6.717550,-13.371392,-1.917952,-5.964506,-1.113168,11.192428,6.717550,-13.371392,-0.425427,-5.446803,-0.656184,11.192428,6.717550,-13.371392,0.373497,-4.660661,-0.089480,11.192428,6.717550,-13.371392,0.276561,-3.845757,0.538076,11.192428,6.717550,-13.371392,0.141277,-3.095834,0.769231,11.192428,6.717550,-13.371392,0.319170,-2.166817,0.463510,11.192428,6.717550,-13.371392,0.571631,-1.310370,0.148201,1
-14.697913,-17.706888,0.865005,-10.957786,7.051976,7.307765,-14.697913,-17.706888,0.865005,-14.018200,9.267660,11.417567,-14.697913,-17.706888,0.865005,-14.215268,11.634742,15.277040,-14.697913,-17.706888,0.865005,-10.695739,16.622295,16.869562,-14.697913,-17.706888,0.865005,-3.099295,20.268589,14.069997,-14.697913,-17.706888,0.865005,8.281920,12.836325,7.958622,-14.697913,-17.706888,0.865005,12.515289,-2.761350,4.707398,-14.697913,-17.706888,0.865005,9.468723,-8.529720,5.824961,-14.697913,-17.706888,0.865005,7.500040,-1.364697,5.445737,-14.697913,-17.706888,0.865005,6.142932,3.839100,2.637650,-14.697913,-17.706888,0.865005,3.485043,3.276657,-0.061784,-14.697913,-17.706888,0.865005,0.734611,-0.393204,-1.870549,-14.697913,-17.706888,0.865005,-0.317839,-5.113385,-2.786650,-14.697913,-17.706888,0.865005,-0.193207,-7.667947,-2.574668,-14.697913,-17.706888,0.865005,0.552456,-8.670331,-2.366948,-14.697913,-17.706888,0.865005,1.438730,-10.687882,-2.728062,-14.697913,-17.706888,0.865005,2.088522,-13.010223,-2.893173,-14.697913,-17.706888,0.865005,2.655226,-13.773995,-2.315817,-14.697913,-17.706888,0.865005,3.306084,-12.638457,-1.272954,-14.697913,-17.706888,0.865005,2.135393,-9.033575,0.549793,1
16.340286,9.666406,-11.629716,2.922600,5.694736,0.470966,16.340286,9.666406,-11.629716,1.648581,2.748301,-1.895050,16.340286,9.666406,-11.629716,0.100798,1.070426,-3.252156,16.340286,9.666406,-11.629716,-1.299052,0.528222,-3.549356,16.340286,9.666406,-11.629716,-1.961627,-0.139679,-2.989044,16.340286,9.666406,-11.629716,-1.847647,-1.686397,-2.115553,16.340286,9.666406,-11.629716,-1.472685,-3.868127,-1.455108,16.340286,9.666406,-11.629716,-1.619687,-5.427629,-1.021559,16.340286,9.666406,-11.629716,-2.151238,-5.772764,-0.618900,16.340286,9.666406,-11.629716,-2.648702,-5.380758,-0.180024,16.340286,9.666406,-11.629716,-2.910749,-5.695002,0.256854,16.340286,9.666406,-11.629716,-2.793574,-7.290854,0.433683,16.340286,9.666406,-11.629716,-2.134194,-9.409603,0.361247,16.340286,9.666406,-11.629716,-0.988004,-11.042605,0.331421,16.340286,9.666406,-11.629716,0.272300,-11.367501,0.626490,16.340286,9.666406,-11.629716,1.305576,-11.197063,1.313565,16.340286,9.666406,-11.629716,1.767887,-10.071113,1.749246,16.340286,9.666406,-11.629716,1.583602,-6.746387,1.313565,16.340286,9.666406,-11.629716,0.812373,-2.087990,0.388943,16.340286,9.666406,-11.629716,-0.284817,1.200384,-0.054327,1
-16.027126,-12.832109,4.153940,-5.887144,2.872933,5.500064,-16.027126,-12.832109,4.153940,-9.427978,8.877785,11.190672,-16.027126,-12.832109,4.153940,-11.147397,14.068799,16.708714,-16.027126,-12.832109,4.153940,-11.197463,17.383938,19.852348,-16.027126,-12.832109,4.153940,-6.770222,20.167391,17.436266,-16.027126,-12.832109,4.153940,4.861457,16.409248,9.057942,-16.027126,-12.832109,4.153940,11.666299,0.974555,2.938046,-16.027126,-12.832109,4.153940,9.502810,-9.818652,4.314327,-16.027126,-12.832109,4.153940,7.769543,-5.815373,4.817250,-16.027126,-12.832109,4.153940,6.950379,0.392938,1.324218,-16.027126,-12.832109,4.153940,4.350145,2.357361,-1.655372,-16.027126,-12.832109,4.153940,1.977738,0.470700,-3.219134,-16.027126,-12.832109,4.153940,1.269358,-2.786916,-3.479051,-16.027126,-12.832109,4.153940,1.930868,-5.846265,-3.514204,-16.027126,-12.832109,4.153940,2.674401,-8.568069,-3.855078,-16.027126,-12.832109,4.153940,2.591312,-11.337674,-3.699554,-16.027126,-12.832109,4.153940,2.195046,-13.898628,-2.909151,-16.027126,-12.832109,4.153940,2.309026,-14.358809,-1.707569,-16.027126,-12.832109,4.153940,1.907433,-11.596526,-0.311048,-16.027126,-12.832109,4.153940,-1.305443,-6.249989,2.065620,1
17.027924,-12.431911,3.744468,-3.319799,-15.415520,2.689847,17.027924,-12.431911,3.744468,-3.442301,-14.960665,3.463206,17.027924,-12.431911,3.744468,-3.390104,-12.106906,3.729514,17.027924,-12.431911,3.744468,-3.116339,-6.157313,2.972133,17.027924,-12.431911,3.744468,-2.226870,0.856314,1.203846,17.027924,-12.431911,3.744468,-0.749391,5.194076,-0.321700,17.027924,-12.431911,3.744468,0.005992,5.951457,-0.535812,17.027924,-12.431911,3.744468,0.161516,4.306737,-0.222634,17.027924,-12.431911,3.744468,0.455520,1.919417,-0.281222,17.027924,-12.431911,3.744468,0.925288,0.180956,-0.665771,17.027924,-12.431911,3.744468,1.301315,-0.400661,-1.138734,17.027924,-12.431911,3.744468,1.187335,-0.269637,-1.535001,17.027924,-12.431911,3.744468,0.624892,0.146869,-1.823679,17.027924,-12.431911,3.744468,-0.031291,0.424895,-1.880136,17.027924,-12.431911,3.744468,-0.443536,0.412112,-1.891854,17.027924,-12.431911,3.744468,-0.545799,0.199065,-1.832201,17.027924,-12.431911,3.744468,-0.413710,-0.087482,-1.756569,17.027924,-12.431911,3.744468,-0.169772,-0.442205,-1.813027,17.027924,-12.431911,3.744468,0.096537,-0.859776,-1.939789,17.027924,-12.431911,3.744468,0.265909,-0.957778,-2.067617,1
-22.099812,-22.464417,8.111370,-9.741157,8.308950,7.520812,-22.099812,-22.464417,8.111370,-13.677325,14.008080,14.409940,-22.099812,-22.464417,8.111370,-13.077600,18.613216,20.171919,-22.099812,-22.464417,8.111370,-5.229762,21.893202,20.274181,-22.099812,-22.464417,8.111370,9.018129,16.101263,11.146997,-22.099812,-22.464417,8.111370,13.882116,-3.188509,2.995569,-22.099812,-22.464417,8.111370,8.510945,-11.829946,4.582766,-22.099812,-22.464417,8.111370,5.568772,-4.083304,3.581447,-22.099812,-22.464417,8.111370,4.242557,0.103194,-1.085472,-22.099812,-22.464417,8.111370,1.905302,-0.374030,-3.682511,-22.099812,-22.464417,8.111370,0.881613,-3.838301,-4.443087,-22.099812,-22.464417,8.111370,2.160958,-9.079381,-4.834161,-22.099812,-22.464417,8.111370,4.237231,-13.189182,-4.827769,-22.099812,-22.464417,8.111370,5.481423,-15.183299,-4.695680,-22.099812,-22.464417,8.111370,5.352530,-15.707394,-4.248149,-22.099812,-22.464417,8.111370,4.311797,-14.846685,-2.881455,-22.099812,-22.464417,8.111370,1.599581,-10.908385,-0.606118,-22.099812,-22.464417,8.111370,-4.398880,-2.327667,3.648556,-22.099812,-22.464417,8.111370,-11.332747,6.839994,10.215984,-22.099812,-22.464417,8.111370,-16.175430,10.736617,16.862106,1
-17.100307,-10.635498,-3.300899,-6.216300,5.236686,2.988112,-17.100307,-10.635498,-3.300899,-12.601440,13.552161,9.159140,-17.100307,-10.635498,-3.300899,-16.855049,21.600262,16.970760,-17.100307,-10.635498,-3.300899,-14.932303,24.617002,22.340733,-17.100307,-10.635498,-3.300899,-4.847343,24.542437,20.443552,-17.100307,-10.635498,-3.300899,11.273228,13.251765,7.168219,-17.100307,-10.635498,-3.300899,12.839121,-9.968850,0.608381,-17.100307,-10.635498,-3.300899,5.796732,-10.920103,4.647745,-17.100307,-10.635498,-3.300899,5.044677,-0.215310,2.662150,-17.100307,-10.635498,-3.300899,4.892349,2.511819,-0.782946,-17.100307,-10.635498,-3.300899,2.888513,0.024367,-1.606371,-17.100307,-10.635498,-3.300899,2.636052,-5.420172,-2.123009,-17.100307,-10.635498,-3.300899,4.023119,-10.321443,-2.469210,-17.100307,-10.635498,-3.300899,5.675295,-13.973194,-3.149894,-17.100307,-10.635498,-3.300899,6.315500,-16.763172,-3.758142,-17.100307,-10.635498,-3.300899,6.153585,-17.927473,-3.933906,-17.100307,-10.635498,-3.300899,5.789275,-16.967697,-3.744294,-17.100307,-10.635498,-3.300899,4.430038,-13.892237,-2.990109,-17.100307,-10.635498,-3.300899,0.978550,-7.561423,-0.210916,-17.100307,-10.635498,-3.300899,-5.296871,4.024450,7.029739,1
-26.071598,-23.604597,12.035001,-10.170579,12.191858,7.897904,-26.071598,-23.604597,12.035001,-15.376506,20.885490,15.623240,-26.071598,-23.604597,12.035001,-14.480512,22.988262,21.923161,-26.071598,-23.604597,12.035001,-4.948540,21.473499,22.742325,-26.071598,-23.604597,12.035001,9.458071,15.155336,12.293188,-26.071598,-23.604597,12.035001,11.701451,-2.003836,2.318080,-26.071598,-23.604597,12.035001,5.859581,-13.417143,3.275725,-26.071598,-23.604597,12.035001,5.201267,-10.072178,2.341515,-26.071598,-23.604597,12.035001,5.359986,-6.435339,-1.950442,-26.071598,-23.604597,12.035001,3.007819,-5.525630,-3.280918,-26.071598,-23.604597,12.035001,2.272808,-8.891899,-3.663336,-26.071598,-23.604597,12.035001,3.765199,-13.784648,-4.547613,-26.071598,-23.604597,12.035001,4.240427,-14.904208,-5.071708,-26.071598,-23.604597,12.035001,2.707423,-13.424600,-4.970510,-26.071598,-23.604597,12.035001,0.441672,-11.903446,-3.780512,-26.071598,-23.604597,12.035001,-1.088135,-9.822913,-2.083596,-26.071598,-23.604597,12.035001,-2.327002,-5.173038,0.565772,-26.071598,-23.604597,12.035001,-4.873974,2.104900,6.061442,-26.071598,-23.604597,12.035001,-7.907890,8.107622,13.374400,-26.071598,-23.604597,12.035001,-10.786283,12.395318,19.800152,1
-14.594723,-12.592528,9.821640,-7.718279,7.498308,5.652393,-14.594723,-12.592528,9.821640,-11.870690,15.314056,11.138476,-14.594723,-12.592528,9.821640,-12.624875,21.123037,15.680762,-14.594723,-12.592528,9.821640,-6.329215,21.549131,15.408063,-14.594723,-12.592528,9.821640,7.995373,14.648286,7.776467,-14.594723,-12.592528,9.821640,12.219155,-0.026764,2.123142,-14.594723,-12.592528,9.821640,5.547467,-2.387320,4.320718,-14.594723,-12.592528,9.821640,3.165473,3.143503,4.273848,-14.594723,-12.592528,9.821640,4.827370,2.232728,1.400915,-14.594723,-12.592528,9.821640,3.722590,-0.215310,-0.222634,-14.594723,-12.592528,9.821640,1.224619,-2.396908,-0.758446,-14.594723,-12.592528,9.821640,0.971093,-5.770634,-1.267627,-14.594723,-12.592528,9.821640,2.304765,-9.945415,-2.227402,-14.594723,-12.592528,9.821640,3.416868,-13.849627,-2.962413,-14.594723,-12.592528,9.821640,4.563192,-17.311768,-3.072132,-14.594723,-12.592528,9.821640,5.794601,-18.515480,-2.818607,-14.594723,-12.592528,9.821640,6.702180,-16.140944,-2.493711,-14.594723,-12.592528,9.821640,4.981829,-10.612251,-1.440195,-14.594723,-12.592528,9.821640,-1.656970,-2.658023,2.040054,-14.594723,-12.592528,9.821640,-9.280976,6.088872,7.203372,1
-12.949059,-18.367905,8.290832,-11.547925,12.976935,6.981803,-12.949059,-18.367905,8.290832,-17.753040,22.130749,11.102258,-12.949059,-18.367905,8.290832,-17.058508,25.390362,14.559072,-12.949059,-18.367905,8.290832,-5.279828,20.510397,15.638153,-12.949059,-18.367905,8.290832,10.183495,5.581821,10.259659,-12.949059,-18.367905,8.290832,12.129675,-9.592823,5.521369,-12.949059,-18.367905,8.290832,5.995930,-8.195237,5.449998,-12.949059,-18.367905,8.290832,3.270931,-0.329290,3.313008,-12.949059,-18.367905,8.290832,3.140973,1.240863,0.192940,-12.949059,-18.367905,8.290832,1.981999,-1.546852,-1.191996,-12.949059,-18.367905,8.290832,1.046725,-5.651328,-1.568023,-12.949059,-18.367905,8.290832,1.811562,-9.506539,-1.895050,-12.949059,-18.367905,8.290832,3.053624,-11.909838,-2.655626,-12.949059,-18.367905,8.290832,4.097685,-13.841105,-3.156286,-12.949059,-18.367905,8.290832,4.729368,-15.008600,-2.915543,-12.949059,-18.367905,8.290832,4.329906,-13.856019,-1.949376,-12.949059,-18.367905,8.290832,2.702097,-11.021300,-0.744598,-12.949059,-18.367905,8.290832,-0.094140,-6.926412,0.550859,-12.949059,-18.367905,8.290832,-4.231638,-0.694665,2.426734,-12.949059,-18.367905,8.290832,-9.668720,6.716294,5.181560,1
-5.733801,-19.908285,35.072498,-12.484264,13.389180,8.207887,-5.733801,-19.908285,35.072498,-12.921010,22.283077,10.971234,-5.733801,-19.908285,35.072498,-6.017102,25.810196,11.591200,-5.733801,-19.908285,35.072498,6.966358,13.495704,9.138901,-5.733801,-19.908285,35.072498,11.448992,-3.173595,7.547442,-5.733801,-19.908285,35.072498,7.035598,-5.400998,8.214278,-5.733801,-19.908285,35.072498,4.748542,-2.162556,5.569304,-5.733801,-19.908285,35.072498,3.431781,-1.853639,1.962292,-5.733801,-19.908285,35.072498,1.244858,-4.272916,0.111849,-5.733801,-19.908285,35.072498,0.738872,-8.940900,0.055392,-5.733801,-19.908285,35.072498,2.372940,-13.596102,0.579620,-5.733801,-19.908285,35.072498,3.127125,-14.391830,0.277094,-5.733801,-19.908285,35.072498,1.602776,-11.441002,-0.461246,-5.733801,-19.908285,35.072498,0.199864,-9.587497,-0.974688,-5.733801,-19.908285,35.072498,0.101863,-10.029569,-0.932079,-5.733801,-19.908285,35.072498,0.880548,-10.794406,-0.584813,-5.733801,-19.908285,35.072498,1.627277,-10.172310,-0.418637,-5.733801,-19.908285,35.072498,1.472818,-8.137714,-0.150198,-5.733801,-19.908285,35.072498,-0.626756,-4.588225,1.282674,-5.733801,-19.908285,35.072498,-5.134956,0.921293,4.677571,1
-18.647865,-16.415661,0.455234,-9.900942,12.844846,6.185009,-18.647865,-16.415661,0.455234,-17.293924,22.320360,11.632744,-18.647865,-16.415661,0.455234,-18.014023,25.443756,15.377172,-18.647865,-16.415661,0.455234,-9.166996,24.646830,16.511644,-18.647865,-16.415661,0.455234,7.363689,12.973740,9.931567,-18.647865,-16.415661,0.455234,14.013141,-6.254250,4.930165,-18.647865,-16.415661,0.455234,7.797239,-7.723339,7.818011,-18.647865,-16.415661,0.455234,4.186100,-0.044873,5.651328,-18.647865,-16.415661,0.455234,3.462673,1.286668,0.797993,-18.647865,-16.415661,0.455234,1.388664,0.119173,-1.169626,-18.647865,-16.415661,0.455234,0.433150,-1.983597,-1.463630,-18.647865,-16.415661,0.455234,1.484535,-4.934426,-1.852440,-18.647865,-16.415661,0.455234,2.256829,-7.010565,-2.619408,-18.647865,-16.415661,0.455234,2.383592,-8.774724,-3.123263,-18.647865,-16.415661,0.455234,1.801975,-10.437552,-3.035914,-18.647865,-16.415661,0.455234,-0.435015,-9.513995,-2.396774,-18.647865,-16.415661,0.455234,-3.641499,-6.591928,-1.335802,-18.647865,-16.415661,0.455234,-5.873295,-4.670248,-0.594400,-18.647865,-16.415661,0.455234,-6.761700,-3.952281,0.031957,-18.647865,-16.415661,0.455234,-7.610691,-2.410755,1.341262,1
4.482953,-10.805388,39.374794,-11.136744,22.544060,6.915759,4.482953,-10.805388,39.374794,-10.411322,29.956083,8.806548,4.482953,-10.805388,39.374794,-3.337908,28.195253,8.431585,4.482953,-10.805388,39.374794,6.560504,14.342564,5.182625,4.482953,-10.805388,39.374794,8.310681,-1.257108,3.140440,4.482953,-10.805388,39.374794,3.265605,-4.917382,3.799819,4.482953,-10.805388,39.374794,0.896527,-3.243901,2.484257,4.482953,-10.805388,39.374794,1.754039,-3.062811,-0.242873,4.482953,-10.805388,39.374794,0.960441,-4.381570,-1.917419,4.482953,-10.805388,39.374794,0.026231,-7.313224,-2.485189,4.482953,-10.805388,39.374794,1.412099,-11.674288,-3.010349,4.482953,-10.805388,39.374794,3.672524,-14.899947,-3.063610,4.482953,-10.805388,39.374794,5.972495,-16.022703,-2.963478,4.482953,-10.805388,39.374794,7.008967,-15.278105,-3.225526,4.482953,-10.805388,39.374794,5.921364,-14.314069,-3.375723,4.482953,-10.805388,39.374794,3.722590,-11.926882,-2.826063,4.482953,-10.805388,39.374794,0.465107,-6.690995,-0.488942,4.482953,-10.805388,39.374794,-5.384354,1.220624,5.175169,4.482953,-10.805388,39.374794,-12.152977,9.396554,13.045243,4.482953,-10.805388,39.374794,-16.305389,17.728008,19.122663,1
-6.495616,-14.877674,35.977882,-15.130437,23.794643,8.232388,-6.495616,-14.877674,35.977882,-14.339901,29.429859,9.961393,-6.495616,-14.877674,35.977882,-6.158778,24.034321,11.267369,-6.495616,-14.877674,35.977882,5.834015,8.135318,9.849544,-6.495616,-14.877674,35.977882,11.202923,-7.465552,6.654777,-6.495616,-14.877674,35.977882,9.738227,-12.686393,5.304061,-6.495616,-14.877674,35.977882,5.328029,-8.114280,3.829646,-6.495616,-14.877674,35.977882,0.444868,-2.932853,0.390008,-6.495616,-14.877674,35.977882,-1.979736,-2.969071,-2.751497,-6.495616,-14.877674,35.977882,-2.063889,-6.783670,-4.158670,-6.495616,-14.877674,35.977882,-0.787740,-10.497206,-4.198083,-6.495616,-14.877674,35.977882,1.878672,-12.579869,-3.508878,-6.495616,-14.877674,35.977882,4.864653,-13.785713,-3.300092,-6.495616,-14.877674,35.977882,6.208977,-14.125523,-3.816730,-6.495616,-14.877674,35.977882,5.834015,-13.421404,-3.982906,-6.495616,-14.877674,35.977882,4.262796,-11.031953,-2.755758,-6.495616,-14.877674,35.977882,-0.640604,-4.142958,1.604374,-6.495616,-14.877674,35.977882,-9.495088,7.735856,9.808000,-6.495616,-14.877674,35.977882,-17.235336,18.748501,18.137190,-6.495616,-14.877674,35.977882,-15.642814,25.736696,21.447002,1
0.796212,-20.571993,27.751957,-8.059154,12.649908,9.559800,0.796212,-20.571993,27.751957,-8.748360,19.797754,13.473467,0.796212,-20.571993,27.751957,-3.063077,22.896650,13.534185,0.796212,-20.571993,27.751957,6.643592,18.608955,9.023855,0.796212,-20.571993,27.751957,10.290018,9.557404,4.173716,0.796212,-20.571993,27.751957,8.096570,0.144739,2.935915,0.796212,-20.571993,27.751957,5.725361,-3.360011,3.732710,0.796212,-20.571993,27.751957,5.008460,-3.511274,2.538584,0.796212,-20.571993,27.751957,4.283036,-3.574123,-0.264178,0.796212,-20.571993,27.751957,2.237655,-4.216459,-2.105966,0.796212,-20.571993,27.751957,-0.169772,-7.235462,-2.378665,0.796212,-20.571993,27.751957,-0.888937,-12.128211,-2.195445,0.796212,-20.571993,27.751957,0.497064,-16.503122,-1.946181,0.796212,-20.571993,27.751957,3.168669,-18.960749,-1.799179,0.796212,-20.571993,27.751957,4.438560,-18.106432,-1.834331,0.796212,-20.571993,27.751957,3.118603,-14.175589,-1.531805,0.796212,-20.571993,27.751957,-1.512098,-5.774895,1.254978,0.796212,-20.571993,27.751957,-8.976319,7.848770,7.593247,0.796212,-20.571993,27.751957,-14.948282,18.055035,14.298090,0.796212,-20.571993,27.751957,-16.002863,23.433529,17.435202,1
-3.906283,-23.697918,21.911674,-9.451413,14.501284,9.935828,-3.906283,-23.697918,21.911674,-14.350553,25.640825,15.359062,-3.906283,-23.697918,21.911674,-9.767787,30.686966,17.014435,-3.906283,-23.697918,21.911674,6.259043,24.206888,11.690267,-3.906283,-23.697918,21.911674,13.841638,6.918822,4.543352,-3.906283,-23.697918,21.911674,8.319203,-3.790365,5.517108,-3.906283,-23.697918,21.911674,5.648664,-1.765224,6.031616,-3.906283,-23.697918,21.911674,6.714962,-1.089867,2.646172,-3.906283,-23.697918,21.911674,4.191426,-0.076830,0.350595,-3.906283,-23.697918,21.911674,1.357773,-0.840602,-0.776555,-3.906283,-23.697918,21.911674,1.431274,-5.585283,-1.619154,-3.906283,-23.697918,21.911674,2.486920,-10.710252,-2.197576,-3.906283,-23.697918,21.911674,2.639248,-13.037920,-2.456427,-3.906283,-23.697918,21.911674,2.175872,-12.604370,-2.440449,-3.906283,-23.697918,21.911674,1.073355,-10.323573,-2.442579,-3.906283,-23.697918,21.911674,-0.671496,-7.820275,-2.586386,-3.906283,-23.697918,21.911674,-2.345110,-6.361838,-2.497972,-3.906283,-23.697918,21.911674,-3.133383,-6.058247,-1.788526,-3.906283,-23.697918,21.911674,-3.295298,-5.714176,-0.439941,-3.906283,-23.697918,21.911674,-4.126180,-4.559464,1.692788,1
8.521440,-6.541678,29.349764,-11.922887,17.587397,5.681154,8.521440,-6.541678,29.349764,-14.926977,32.579887,6.592993,8.521440,-6.541678,29.349764,-9.515327,34.795704,7.797772,8.521440,-6.541678,29.349764,3.808874,17.534136,7.569812,8.521440,-6.541678,29.349764,10.301736,-5.817504,6.378881,8.521440,-6.541678,29.349764,5.769036,-9.128381,6.988195,8.521440,-6.541678,29.349764,2.890643,-4.046021,5.186886,8.521440,-6.541678,29.349764,2.503963,-2.433125,1.600113,8.521440,-6.541678,29.349764,0.782547,-3.599689,-0.399462,8.521440,-6.541678,29.349764,-0.344470,-6.601515,-0.677488,8.521440,-6.541678,29.349764,0.295735,-10.202136,-0.638075,8.521440,-6.541678,29.349764,1.225684,-12.874939,-0.897991,8.521440,-6.541678,29.349764,1.917020,-15.074645,-1.063103,8.521440,-6.541678,29.349764,2.866143,-16.884609,-0.949123,8.521440,-6.541678,29.349764,3.447760,-16.671562,-0.322766,8.521440,-6.541678,29.349764,1.643255,-12.543652,1.331674,8.521440,-6.541678,29.349764,-2.841509,-3.876649,4.157738,8.521440,-6.541678,29.349764,-8.194438,8.199232,8.174865,8.521440,-6.541678,29.349764,-11.232615,20.567919,11.616766,8.521440,-6.541678,29.349764,-7.810954,28.539324,12.596780,1
