ax0,ay0,az0,gx0,gy0,gz0,ax1,ay1,az1,gx1,gy1,gz1,ax2,ay2,az2,gx2,gy2,gz2,ax3,ay3,az3,gx3,gy3,gz3,ax4,ay4,az4,gx4,gy4,gz4,ax5,ay5,az5,gx5,gy5,gz5,ax6,ay6,az6,gx6,gy6,gz6,ax7,ay7,az7,gx7,gy7,gz7,ax8,ay8,az8,gx8,gy8,gz8,ax9,ay9,az9,gx9,gy9,gz9,target
-8.255960,-23.305540,-0.088405,1.112934,-2.583930,-4.781569,-24.749285,-27.186502,1.609741,1.000016,-2.974882,-3.111236,-49.601456,-27.270544,6.084820,0.553671,0.362589,3.171689,-51.912430,-37.507069,7.457355,0.168045,3.352784,13.101011,-19.051939,-54.063507,1.113358,-0.449808,4.829239,21.128838,40.511089,-48.674068,-3.536705,-2.546247,5.943505,21.504877,99.247437,-14.432258,7.912920,-2.096705,0.030227,11.767302,87.180634,4.297647,11.636395,-0.125967,-4.040145,-1.288570,30.180141,5.676752,8.414790,0.456732,-1.263003,-4.962664,3.739168,9.368176,3.387805,-0.331563,0.859002,-2.861964,0
-5.359440,-14.307411,-0.759940,-1.047421,-0.520514,-5.692369,-5.202984,-18.735355,0.175136,-0.748081,-0.548211,-5.594365,-5.583148,-28.352646,0.244368,0.120108,-1.594300,-6.392248,-17.999748,-39.784111,2.401835,1.085237,-4.133889,-6.773612,-64.251076,-36.950485,12.008578,1.751027,-2.254764,-0.641954,-81.787880,-47.322311,15.212644,2.590455,2.170341,13.752954,-26.504471,-80.548004,0.657767,1.733983,6.921417,26.868479,69.574745,-84.057816,-0.614764,-3.322824,10.069271,28.149992,140.043015,-26.473454,32.670906,-2.718819,2.630535,10.932135,70.780540,5.099588,32.825565,3.055975,-5.289700,-5.439902,0
-2.949498,-18.397629,0.617051,1.017061,-2.887530,-6.497709,-2.532686,-28.548950,1.772378,1.252484,-3.480882,-7.506514,-14.066019,-40.048248,4.586547,1.720134,-4.823114,-7.866572,-54.270119,-35.417294,8.768784,1.654088,-1.266199,-2.383661,-68.217842,-39.248230,8.723950,1.029844,3.723496,9.878590,-41.839718,-60.408978,0.131073,-0.419980,6.328065,20.826303,2.031767,-76.258842,-4.380180,-4.783300,10.313217,26.706558,98.784584,-58.797661,8.151323,-8.142076,7.970702,21.612469,129.817413,-5.959206,28.730228,-6.829671,0.669385,1.211604,47.292717,-8.963965,40.556828,-3.077813,-1.210805,-8.488687,0
4.659785,-10.385564,-5.762039,2.654371,-2.662760,-8.285221,0.542724,-13.548079,-4.695042,0.880707,-1.660347,-7.967772,-2.130405,-16.268013,-2.076024,-0.278300,-1.232111,-7.402118,-2.937852,-18.388872,0.559646,-0.678839,-1.254481,-6.890791,-3.307567,-21.543457,2.227342,-0.402936,-1.714675,-6.624475,-3.006864,-26.304996,3.674378,0.391751,-2.801244,-6.644715,-4.705007,-33.848969,6.569240,1.370728,-4.550407,-7.060168,-27.532213,-41.615288,9.505663,1.918273,-3.516036,-5.349355,-64.660652,-39.418953,16.976929,2.282594,1.369263,3.320826,-63.781513,-59.355812,14.736540,2.856771,4.846284,16.109316,0
1.476183,-25.983421,-0.230696,0.380033,-3.000448,-6.483860,-2.295023,-39.904945,3.401273,-0.118511,-3.648129,-6.770416,-43.923218,-45.154053,13.661688,-0.187753,-1.168195,-2.920553,-87.796707,-51.463051,23.934296,1.180046,4.381829,10.765954,-61.423717,-91.500267,4.032645,0.875380,6.496377,26.360348,18.582161,-125.251480,-11.377394,-5.989179,12.726039,33.678711,121.630951,-77.068764,11.702366,-12.362651,11.025878,22.030052,117.708382,-5.323915,66.087105,-7.827824,-0.607866,-0.220110,29.729031,-8.531061,52.140549,2.679937,-7.892139,-6.658564,8.031733,4.515919,17.507359,5.322856,-3.777025,-3.308309,0
-3.572976,-17.709833,0.484332,-0.537159,-1.143694,-6.789591,-4.951002,-20.192415,1.301493,-0.059921,-1.256612,-6.580799,-3.807071,-26.468266,1.640508,0.614391,-2.575408,-6.980273,-6.204587,-37.546375,4.633435,1.082042,-5.086235,-8.022101,-39.294495,-40.719223,13.879768,1.488972,-3.072886,-5.495296,-73.340355,-36.988342,19.925379,3.005908,2.215083,5.277716,-55.498192,-55.635372,6.415442,2.612825,4.817522,18.007616,0.415395,-72.197929,-4.744463,-0.894023,8.262585,25.450613,84.411201,-48.330135,5.168509,-2.951047,4.879307,21.144817,119.904419,-0.150274,14.308843,0.287355,-2.925880,5.940310,0
-0.708832,-22.036873,-0.572546,1.287637,-1.378052,-5.110735,-3.077326,-30.974129,0.363832,1.452753,-2.109888,-5.219392,-21.211693,-39.629150,0.865469,1.414404,-2.083256,-3.726958,-48.247353,-37.990063,7.309448,1.199221,0.219844,2.819087,-46.611576,-48.056694,9.743385,1.845836,2.450506,12.264780,-19.905390,-59.304253,-2.520168,1.485776,4.545879,19.588467,25.844011,-55.132164,-20.200884,-2.831737,6.289716,21.573053,74.563080,-22.771116,-14.494020,-6.878674,1.993508,15.020617,76.833244,1.055576,4.019967,-7.784148,-2.848115,7.611708,67.264580,7.071614,25.600685,-7.116228,1.355415,2.494182,0
9.807873,-7.765897,-10.887362,5.228048,-1.773265,-7.921966,5.660683,-12.736780,-12.551729,2.777941,-1.968208,-8.651671,1.502218,-17.235760,-8.705236,0.573911,-1.253416,-8.599474,-1.016036,-20.486408,-4.772312,-0.707601,-1.091496,-7.997600,0.354417,-25.164923,-1.588545,-1.200818,-1.190565,-7.600256,1.282690,-34.860325,1.835932,-0.846086,-2.002296,-7.860181,-5.822993,-46.143692,7.454754,0.225570,-3.663042,-8.106256,-39.820961,-47.351803,13.498232,1.280181,-1.773265,-4.118975,-68.995377,-48.054581,21.000584,2.654371,1.620665,6.852175,-49.573322,-69.589676,12.415490,3.863445,3.966376,19.257170,0
2.255251,2.452121,16.968544,3.102847,-1.546363,-1.036102,-2.836651,4.175218,2.677626,2.682068,-0.265916,-0.690957,-6.004436,5.128994,2.615938,2.242114,0.086686,0.347675,-2.051305,3.881113,-0.856525,2.444514,0.214517,1.052880,1.394454,2.186402,-5.709306,1.918273,0.250736,0.906939,2.322552,1.715826,-5.658118,0.873250,0.198539,0.237953,-0.283767,1.228076,-2.814960,0.172306,0.135688,-0.298940,-2.614896,0.936562,-1.042295,-0.030094,0.134623,-0.294679,-2.648690,0.191452,-0.746624,-0.144077,0.197473,-0.117845,-2.204664,-0.368297,-0.343469,-0.262321,0.134623,-0.074169,0
14.028577,1.531817,4.820598,0.154197,0.560728,-3.047320,12.271930,-0.362254,4.393910,0.740092,0.535162,-4.264916,8.980917,-2.303849,2.692125,1.183242,0.678972,-5.069190,5.962491,-4.369720,1.027339,1.443166,0.603339,-5.610344,3.267604,-6.805032,-0.077570,1.634913,0.429701,-5.998100,0.797129,-9.233317,-0.890202,1.838379,0.135688,-6.229262,-1.855509,-11.225761,-1.840793,1.943840,-0.390552,-6.225001,-3.968818,-12.635796,-2.356030,1.819204,-0.926380,-5.876660,-4.384226,-14.154020,-2.004612,1.576324,-1.345029,-5.320592,-2.956749,-18.231264,-1.290642,1.423991,-1.672064,-5.039363,0
-13.225420,-80.159096,-10.638997,-1.142229,8.553401,26.502028,65.049835,-75.411148,-12.997261,-8.487222,10.841588,25.038357,125.587563,-21.643421,20.504618,-10.563420,1.644101,8.567249,76.070137,-3.025648,57.728558,-3.732950,-4.975447,-4.497144,17.755978,4.222099,34.180511,2.546779,-2.738393,-4.408727,11.343132,6.389077,6.358130,2.213351,-0.116780,-2.129063,14.191382,8.917835,4.429818,-0.039681,1.592969,-2.031058,15.346625,8.789603,8.342113,0.154197,1.733583,-2.984469,14.578997,5.150440,5.019573,1.481515,1.026248,-4.246807,11.213908,0.082930,-0.998520,2.107890,0.371111,-5.372790,0
-3.690432,-15.949461,-1.138370,1.641305,-0.888030,-5.151216,-2.980136,-18.535439,-0.677827,1.741440,-1.558081,-5.332310,-0.646498,-23.193695,1.135193,1.977928,-2.777808,-6.036449,0.110490,-32.181564,3.481444,2.477537,-4.386356,-7.140063,-14.830903,-39.126648,6.644079,2.473276,-3.912314,-6.948315,-61.320637,-31.734169,15.635530,2.486059,2.402569,0.220909,-72.051262,-45.106377,7.943104,2.121739,4.663058,14.760693,-32.808846,-78.932373,-3.207736,-1.132642,6.835131,26.672470,56.351574,-94.360985,5.350899,-5.197688,10.673276,29.360130,144.577652,-20.587362,18.542532,-5.470395,4.935766,12.504464,0
-1.323742,-18.231892,0.478798,0.561128,-1.931989,-4.859333,-0.388237,-27.084618,1.725629,0.617587,-2.788461,-5.413270,-7.184555,-38.577744,6.901085,1.006408,-3.602322,-5.763742,-38.123501,-43.153946,16.811871,2.190981,-0.796418,-2.338919,-67.765205,-45.121937,18.635118,4.147871,3.150384,8.576837,-43.464466,-69.198212,0.105910,3.335074,5.575989,21.005268,4.369670,-90.696999,-15.570492,-2.996853,11.193125,28.245865,86.072601,-70.196404,-5.917254,-10.823345,11.229343,22.989855,115.606049,-16.706827,34.859253,-10.861694,1.897634,5.583446,54.734871,1.720944,60.560207,-2.292714,-3.405248,-3.757851,0
10.212151,-7.245816,-4.173671,2.426404,-1.281113,-7.892139,2.767546,-11.849754,-3.471372,1.457014,-1.038233,-8.209587,-0.637013,-14.353801,-1.634866,0.849814,-0.859268,-7.917705,-1.880981,-16.953459,-0.508804,0.660197,-0.892291,-7.470294,-1.387255,-19.563974,0.492740,0.739027,-1.089365,-7.121953,-1.309753,-23.249832,1.094054,1.100151,-1.455816,-7.074017,-0.810749,-28.675900,1.456506,1.629587,-2.621214,-7.340333,-0.025210,-37.640335,3.531018,1.771267,-4.563190,-8.145672,-17.709917,-44.146347,8.035620,1.536909,-3.002579,-7.162433,-50.394356,-34.994236,20.498104,2.516952,1.343697,-0.440620,0
46.999054,-5.405091,39.220230,1.306812,-5.619932,-8.122236,-12.166702,2.781427,17.501810,4.162784,-4.596213,-5.044689,-10.337176,7.732692,0.149953,2.726809,0.834501,0.348741,-2.241420,9.653045,-2.019637,1.370728,3.076881,1.954093,7.389041,6.663640,-2.193293,1.686046,0.621448,1.252084,9.563267,3.899665,-4.584683,1.866076,-1.669934,-0.814527,1.033549,1.685925,-5.931467,1.053279,-1.429184,-1.833984,-5.832916,0.856496,-4.718959,-0.130228,-0.079495,-1.218262,-5.800339,0.543349,-1.532821,-0.806671,0.729040,-0.321310,-3.188043,0.435385,0.895134,-0.715058,0.767389,-0.082691,0
-2.348019,-19.802723,0.385835,0.194677,-2.826810,-6.247372,-1.017725,-29.119740,1.169236,-0.343281,-3.608714,-6.806635,-9.859003,-41.257168,6.562295,-0.972852,-3.183674,-6.960033,-45.621166,-42.959282,21.356625,-0.210123,0.374307,-2.529602,-67.013695,-47.434444,24.592075,2.477537,3.248388,8.683363,-39.306980,-69.132881,9.371830,3.226417,5.356545,19.460636,-4.146446,-82.389778,-7.212049,-0.439155,10.245040,25.485767,55.179657,-72.015419,-11.041756,-7.963112,12.673841,24.169102,114.967163,-25.883247,20.662317,-10.202296,3.221757,10.327065,81.035660,-5.126424,50.988758,-4.247472,-4.577038,-2.245176,0
13.445827,-4.488670,-5.703609,3.117760,-0.914662,-6.965360,8.462388,-9.720805,-6.385373,1.669002,-0.620649,-7.907053,2.556406,-14.397218,-3.587922,0.686829,-0.118910,-8.162716,-1.693059,-17.157749,-1.314604,0.462058,-0.254199,-7.850594,-2.018964,-19.142651,0.301223,0.648479,-0.837963,-7.485208,-1.609772,-21.714767,1.149805,1.015995,-1.087235,-7.339267,-1.734232,-25.347534,1.243329,1.532648,-1.653955,-7.399987,2.811976,-30.343996,0.854442,1.778724,-3.060103,-8.030623,8.537665,-40.686142,1.624043,1.452753,-4.357594,-9.547559,-3.257819,-46.557682,3.728451,1.072454,-3.744002,-9.719066,0
134.538361,-23.954338,-4.029723,-9.591900,5.491834,13.113795,85.581932,-3.897826,33.979221,-8.316779,-1.069125,-3.274221,3.898233,6.048962,50.905552,-0.970721,-2.467816,-4.631367,-0.493644,4.912517,27.202803,4.441883,-1.633715,-0.350072,3.550541,7.974001,2.063463,5.197155,0.250736,0.118644,4.588672,6.902078,-8.616751,3.903925,-0.372443,-0.502405,3.404861,3.761769,-12.019210,2.035453,-1.096822,-1.287504,-1.899771,2.025362,-9.219622,-0.058856,-0.331963,-1.512275,-6.043776,0.042735,-3.862854,-1.456482,0.562859,-1.077647,-7.387213,-0.627531,1.427518,-1.645033,0.925048,-0.457664,0
14.804481,3.930211,2.654491,-0.970721,0.775911,-3.307244,12.158821,2.982818,4.209877,-0.804540,1.075251,-4.180760,9.193242,1.988295,5.835158,-0.215450,1.225453,-4.589821,7.385271,-0.391715,5.369402,0.756071,1.208408,-4.991426,5.456850,-3.796994,3.457394,1.692438,0.839827,-5.537906,3.405977,-7.390440,1.742561,2.396577,-0.007057,-6.191978,0.846411,-10.890262,0.578854,2.750244,-0.977513,-6.716088,-0.840111,-13.646633,0.255046,2.810964,-1.894705,-6.931271,-1.755328,-15.585382,0.239592,2.581933,-2.541320,-6.882269,-1.581679,-17.316158,0.190052,2.061019,-2.625475,-6.589322,0
-43.897812,-76.940765,10.360054,3.976363,6.091577,22.051357,3.168347,-103.952232,-10.460190,-1.472461,12.347870,30.095163,70.181648,-90.472092,-12.844858,-11.513636,15.459505,27.338261,126.484398,-38.346241,32.724754,-15.272951,2.805239,10.582728,74.646675,-7.770850,78.842354,-4.792887,-1.630519,-4.059320,18.428295,-0.026522,42.550564,4.673045,-3.926162,-3.457446,21.171623,3.058627,6.180604,5.296225,-2.654238,-2.376204,13.596066,8.959633,-7.327198,1.099086,0.504269,-2.940794,11.677122,9.837054,3.709597,-1.080444,1.634514,-3.180478,12.962988,8.099177,9.312140,0.041279,1.663276,-4.034819,0
-3.311662,-16.115877,-1.582029,0.652740,-0.774047,-7.092126,-3.329158,-17.046000,0.107048,0.488690,-1.081908,-6.416749,-2.656036,-18.168486,1.271936,0.613326,-1.388704,-5.937380,-1.993536,-20.746576,1.361917,0.816791,-1.628389,-5.719001,-1.185448,-24.807898,1.839765,0.874315,-2.204696,-5.844702,-3.864781,-30.195875,4.756844,0.857271,-3.029210,-5.925662,-19.233543,-36.524937,10.742890,1.141696,-2.475273,-4.060386,-46.112644,-37.473030,20.385605,2.236787,0.241149,2.444114,-50.367859,-49.916870,22.904697,4.160654,3.030009,12.829370,-28.044792,-72.206039,10.929125,5.459210,5.105143,21.869196,0
-4.212923,10.486837,9.224551,-1.641838,3.583946,0.835566,1.751722,12.161023,7.563156,1.060736,1.276585,0.632101,6.280302,7.494811,-3.505783,2.642653,-2.198305,-0.595083,4.552996,3.846833,-10.446875,1.393098,-1.972469,-1.495231,-0.728761,1.381288,-8.505500,-0.797083,0.110122,-1.291765,-2.654377,0.092140,-2.327153,-1.934785,1.132775,-0.775112,-2.167314,-0.506104,2.357664,-1.771800,0.919722,-0.672847,-1.933117,-1.205206,3.578938,-1.010136,0.171907,-0.893357,-3.682468,-1.507817,2.545169,-0.430633,-0.008123,-0.914662,-4.496896,-1.712211,0.974134,-0.302801,0.205995,-0.548211,0
-1.515590,-18.690975,-0.127932,1.434644,-2.492317,-6.996252,-1.181072,-27.204149,-0.677082,1.074585,-3.097387,-7.572560,-4.976732,-41.069099,2.189872,0.845553,-4.439620,-8.593082,-23.983837,-46.813278,8.404545,0.682568,-4.469447,-7.275351,-63.623562,-40.800270,18.932579,1.247157,1.851828,0.570316,-64.851006,-51.481987,15.667315,3.057040,4.280629,13.740170,-27.396261,-74.704948,-3.320327,1.446362,7.516900,23.646057,21.724651,-84.265610,-14.125444,-5.521528,12.957201,26.693775,86.156754,-51.865028,2.783308,-11.750124,9.890307,18.285650,101.633202,-12.853210,43.527798,-9.469395,-1.305614,2.937331,0
22.393883,5.651558,6.650292,4.041344,-0.125302,-4.645215,20.526693,-1.515183,-0.787214,4.344944,-1.400422,-6.822614,12.622674,-8.135358,-4.725364,3.374489,-1.557016,-8.244741,5.921119,-12.133101,-5.633344,1.985385,-0.770851,-8.409857,2.721390,-14.834419,-4.274878,0.872185,0.083490,-8.063646,1.281555,-17.736067,-2.151675,0.433296,0.248606,-7.733415,0.227416,-20.344435,-0.171345,0.580302,-0.200935,-7.336071,-0.404049,-21.988205,1.317773,1.116130,-0.957273,-6.938728,0.013956,-25.062796,1.127273,1.721200,-1.877660,-6.733132,1.859745,-33.398777,0.178942,1.920404,-3.355181,-7.156042,0
34.910133,-93.081978,-10.475114,-7.399588,17.268324,28.342804,111.002914,-48.229816,18.334089,-12.750407,10.991790,16.997746,100.906670,-3.446462,62.664299,-6.189448,-3.595931,-0.422510,28.125004,-1.700054,39.031113,2.324139,-6.264416,-6.338984,-8.834770,7.774213,17.986675,4.243744,-3.746133,-3.232676,-5.182770,11.807704,3.759453,3.704721,0.364720,0.930375,6.478918,9.864772,-4.572464,2.871685,1.261672,1.918939,13.922333,8.521357,-8.469702,1.958753,-0.410792,0.465920,10.601738,4.712925,-7.801374,0.742222,-1.627323,-1.698696,0.868109,2.217816,-3.828429,-0.378435,-1.040363,-2.392183,0
-1.704958,-20.478390,-0.824402,1.417600,-1.574060,-4.773047,-1.917139,-32.362682,-0.715001,1.492168,-2.985534,-5.794635,-15.295265,-44.377853,5.894274,1.650892,-5.649759,-5.819136,-52.449665,-40.990406,16.153370,2.398707,-2.173804,-0.502405,-65.831512,-47.095631,16.016378,3.727091,4.429766,11.835479,-34.430534,-71.114220,-1.774676,2.270876,7.262302,22.673471,16.914461,-85.663170,-14.622898,-5.028311,13.716734,27.516159,89.171608,-60.856564,-1.027533,-13.372520,13.494094,19.537334,107.372414,-20.673582,48.989254,-12.698209,1.940245,2.165015,41.382309,-6.648313,73.821411,-2.428002,-3.522427,-5.171455,0
-2.620678,-17.793373,0.548060,1.486842,-0.669651,-6.545646,-2.836084,-18.694433,0.427862,1.711612,-0.868856,-6.137650,-2.893896,-20.787645,0.036318,1.957688,-1.382313,-5.913944,-2.727574,-24.571245,-0.783608,2.051431,-2.787395,-5.861746,-1.390945,-30.029797,0.548988,1.706286,-4.726175,-6.350702,-8.630066,-37.853535,4.633925,1.086303,-5.263068,-6.560559,-37.076576,-39.236958,15.616749,0.833835,-2.410292,-2.980208,-60.267464,-39.972057,29.181248,3.248788,1.932788,6.781868,-37.334423,-60.387505,16.974632,5.860814,4.934700,17.076576,-2.601706,-70.382500,-2.687743,4.557997,8.591751,23.201841,0
-9.389779,14.519859,18.714989,2.968623,0.270976,1.434244,13.993634,6.709030,4.824471,3.864510,1.848632,1.991377,15.013004,4.589437,-3.160089,3.852792,0.449941,-0.491752,6.257607,0.549810,-7.435143,2.768354,-1.963947,-2.755438,-3.146753,-0.819482,-5.890129,1.132109,-2.189783,-3.116562,-8.171867,-1.054927,-3.306087,-0.151534,-0.347942,-2.106692,-10.184830,-1.415426,-2.046659,-0.887631,1.339436,-0.784700,-8.380659,-1.537319,-1.017545,-1.181644,1.547162,0.148471,-4.632885,-1.624414,0.815195,-1.054877,0.853676,0.256063,-3.185024,-1.451330,2.458455,-0.456199,0.005726,-0.094409,0
0.459645,-19.940022,0.170697,1.087368,-1.810549,-3.342398,-2.274535,-26.624565,1.513103,1.068193,-2.182326,-3.385008,-18.611437,-34.375847,3.911105,1.150218,-1.457946,-1.676325,-46.960571,-35.921120,9.268252,1.259941,1.825196,5.324587,-45.700485,-51.270851,5.908439,0.932905,4.526705,15.395590,-25.908749,-70.402802,-3.485524,-1.389370,6.309956,23.964571,18.812071,-88.991684,-7.955970,-6.908501,9.781651,28.897806,100.927711,-66.985031,1.133194,-11.245190,8.766454,21.879848,122.388725,-19.156443,42.292946,-11.289930,-0.513058,1.859285,30.381973,-2.455998,65.818733,-2.406697,-3.209240,-6.580799,0
-1.649627,-19.968645,0.572370,1.208808,-1.919206,-5.836180,0.319886,-24.541729,0.229502,1.154480,-2.447576,-6.235654,1.894305,-32.414940,1.855911,0.622913,-2.675543,-7.112366,-13.237391,-42.138763,9.126899,0.463123,-0.737828,-6.688391,-50.030697,-39.014297,20.480185,2.090846,1.801760,-0.571647,-58.099850,-48.639156,17.345280,3.664241,3.809782,11.078076,-30.899549,-68.460335,1.710852,2.573411,6.820217,21.389828,16.866791,-82.373894,-12.270835,-2.820019,10.412287,27.422417,111.548294,-53.542126,-2.281641,-7.426219,7.798130,21.010593,122.925262,3.118888,23.388615,-6.547377,-2.501905,2.210822,0
12.905626,4.961514,4.361821,-0.842890,0.621448,-2.679804,12.334560,3.993073,6.254464,-0.211189,0.494682,-3.575691,12.938438,2.649732,6.183948,0.609064,0.236888,-4.408727,12.514117,1.186119,4.488421,1.142762,0.182560,-5.238567,12.299458,-0.606019,2.545688,1.334509,0.463789,-5.957620,10.745771,-3.632325,1.190619,1.425056,0.734366,-6.708631,7.250699,-6.932495,0.179782,1.567802,0.716257,-7.218892,4.334549,-10.180311,-0.540838,1.689242,0.253932,-7.422358,1.718046,-13.017220,-0.873575,1.705221,-0.468317,-7.409575,-0.505914,-14.613434,-0.717498,1.565671,-1.354616,-7.121953,0
-19.984295,-34.743286,10.594498,0.271376,0.164450,-0.674978,-32.262016,-37.562107,14.365728,2.577672,1.442766,4.909134,-28.885073,-45.641819,7.597605,4.317247,2.496312,11.812043,-21.010969,-56.248299,-3.206307,3.418165,4.736562,18.027857,-6.380405,-69.291031,-12.075696,-1.571530,9.335305,24.005051,43.390556,-66.195580,-13.871511,-10.163947,14.370806,24.170166,94.824188,-37.772053,10.008474,-16.350998,7.511573,12.483159,88.411278,-18.486097,81.722534,-10.528267,-3.121888,-0.638759,37.577095,0.167419,69.028328,2.757701,-2.367682,-4.078495,20.770367,1.336295,16.612980,6.083454,-0.603605,-3.941076,0
-2.781340,-17.252718,-2.459004,1.892707,-2.087517,-8.829571,-4.516547,-18.193405,-0.797240,1.257810,-1.320527,-7.786678,-4.602162,-18.201647,0.603497,1.066063,-0.905075,-6.658564,-3.081722,-19.452015,1.179173,1.183242,-1.033972,-5.733915,-1.736181,-22.065132,1.172168,1.443166,-1.769003,-5.243894,-0.244957,-26.026012,1.050148,1.453819,-2.984469,-5.213001,-1.443004,-32.385956,2.918232,1.071389,-3.821766,-5.430315,-17.669361,-40.379837,8.616205,0.692155,-2.348507,-4.004992,-51.314331,-41.891697,24.903334,2.097238,0.766324,2.645449,-65.019714,-60.433517,29.998875,5.527387,3.915243,15.088794,0
10.968140,8.700994,12.268312,-2.366217,2.464354,-0.363921,-9.185603,6.368729,11.082314,0.005060,-0.116780,-0.714392,-10.315885,4.489665,5.660841,1.681785,-0.639824,0.495747,-9.886850,1.879434,-0.846011,1.981124,0.185755,1.715474,-0.993506,1.672996,-3.884326,1.583781,0.528770,2.292847,4.376147,1.833802,-4.540091,0.988298,0.308261,1.456615,4.161013,1.807147,-3.637694,0.539822,-0.336224,0.387090,0.928905,1.019473,-3.411987,-0.022637,-0.208392,-0.175369,-1.939569,0.377834,-1.729625,-0.659665,0.281629,-0.070973,-2.246550,-0.082889,1.118987,-0.905740,0.575642,0.154863,0
1.835002,-22.351749,-0.002470,0.525974,-2.673412,-6.468946,2.502749,-34.277103,0.097167,0.143544,-3.717371,-7.235937,-8.391757,-45.515358,7.844718,-0.348608,-4.285156,-7.163498,-45.982822,-41.588947,28.910589,1.301486,-0.848616,-2.245176,-58.503391,-50.069885,33.274990,5.865075,3.473159,9.293759,-31.640324,-71.028183,10.363488,7.715438,5.926461,20.077423,1.837187,-90.821297,-12.648550,2.791790,11.804585,27.977419,65.076477,-91.843887,-13.861831,-7.974830,17.713604,27.755844,108.121429,-38.326759,5.498280,-14.870281,10.963028,13.406742,89.476807,-18.338501,69.815002,-10.033984,-1.825462,-2.182326,0
22.600819,6.209728,6.358088,2.107890,0.553271,-5.315266,19.876625,-0.771341,-0.038015,2.783267,-0.780439,-7.235937,12.693195,-6.697151,-4.487497,2.127065,-1.079778,-8.306526,7.052155,-10.525867,-5.245378,0.875380,-0.454468,-8.332092,3.876480,-13.897806,-2.955032,-0.002397,0.054728,-8.141411,0.992675,-17.012726,-0.766826,-0.174970,0.130362,-7.921966,-0.510950,-18.749292,1.253246,0.154197,-0.167912,-7.523558,-0.590238,-19.905504,2.544620,0.837031,-0.486426,-7.068690,0.079150,-22.052124,2.580532,1.663676,-1.125584,-6.800243,1.817151,-25.941006,0.940145,2.189916,-2.309092,-6.915292,0
-24.673468,-85.515106,8.888065,7.009169,6.516617,23.519291,3.597941,-115.654770,-10.617823,1.536909,12.249866,31.599316,93.180649,-116.200935,-11.415250,-8.760995,15.613969,30.521269,147.233261,-25.581583,30.579567,-12.142141,3.496595,9.450354,76.163254,-2.053637,83.100891,-1.225320,-3.779156,-7.059103,-3.260590,5.494831,28.965334,7.515169,-5.150150,-4.312853,0.205233,6.107986,-15.831787,4.307660,-1.798831,-0.834767,-3.984488,10.582460,-12.499488,-1.303084,2.678472,0.063250,-4.642548,11.244928,5.260689,-1.354216,1.843306,0.641688,4.606718,8.431141,2.650471,1.115065,-0.460860,0.457398,0
0.006465,-32.535942,0.300545,1.251418,-3.609779,-7.357377,-12.551139,-47.597958,4.701247,1.037300,-5.179977,-7.554450,-52.590618,-43.769882,18.135124,1.230113,-0.398009,-2.005492,-64.122604,-51.723118,21.185835,3.560910,3.945071,10.129992,-30.564169,-71.004036,3.884514,4.604868,4.261454,20.289412,2.941521,-83.721497,-17.902424,0.132892,9.708147,25.223711,39.060070,-78.710167,-21.671131,-9.955155,13.715669,24.484419,82.017273,-51.337898,11.917450,-16.720644,8.959267,14.748975,82.956779,-27.623484,66.848221,-11.435871,-0.497079,1.264867,35.423279,-4.755442,64.804482,-1.045290,-3.708848,-1.881921,0
19.421585,-12.763451,-8.640111,5.887446,-3.716305,-10.790721,8.150886,-19.419697,-12.151925,2.977146,-4.472642,-11.938010,1.676814,-22.806004,-7.152310,0.089216,-3.511775,-11.174216,0.092857,-24.740488,-1.901048,-1.567269,-1.988448,-9.817070,-0.651423,-24.424999,1.279168,-2.130794,-0.722915,-8.436488,-0.737110,-23.634468,2.523520,-1.914545,-0.111453,-7.130476,-0.265671,-22.973930,2.983028,-1.309475,-0.637693,-5.977860,1.441449,-22.916904,2.658638,-0.687361,-1.438772,-5.269460,4.094378,-26.238564,1.424262,-0.445547,-2.044907,-5.265199,4.448155,-33.415024,1.501496,-0.638359,-2.629736,-5.742437,0
92.647011,-137.007706,-3.455697,-3.196057,11.398721,32.873371,147.389389,-15.875300,21.143950,-5.249886,4.285955,11.553184,68.665390,-11.658755,28.103235,-0.222906,-4.776243,-5.614605,2.451303,7.138319,15.499175,2.234657,-7.717436,-1.723197,17.911652,5.186697,-8.565331,-0.190949,1.547162,0.943158,1.637145,6.829718,-0.301139,-3.843738,4.829239,0.487225,1.479781,8.461594,16.616011,-2.214949,1.380981,0.594817,6.208419,10.364958,14.506018,1.808551,-1.291765,0.137818,6.699920,5.888504,-1.781988,3.429883,-1.483513,-0.751677,2.629567,3.928707,-11.537635,1.797899,-1.269395,-1.364203,0
-5.347015,-0.809158,-22.420221,-4.458261,2.076731,0.836498,-11.950554,-9.948701,-19.896254,-12.411520,12.939225,2.292714,-29.440458,-24.212070,4.873542,-18.340776,24.953268,2.860499,-39.754986,-24.751633,48.298218,-16.120768,26.387114,3.899131,-10.498961,-15.262321,65.189278,-3.165031,14.194105,5.254147,-1.219728,-14.391690,19.293186,8.729702,-1.463140,3.977961,-8.501446,-9.760140,-18.905361,9.078044,-6.116211,4.129228,10.330110,-3.096191,-18.445553,4.240681,-1.725194,4.155860,16.910280,4.103763,-6.318219,2.537325,-0.906007,1.724928,7.171059,2.779985,-4.606798,3.835881,-6.405963,-0.316117,1
-13.973082,-10.752973,-9.188358,9.883383,-16.311850,-0.429035,-10.779340,-4.698053,-14.010151,6.424472,-11.605515,0.611728,-12.646023,-3.230221,-21.827776,0.043543,-2.285523,3.363304,-15.242556,-10.952433,-20.285564,-7.883084,8.904006,7.002244,-24.037024,-25.497068,-11.566089,-15.516764,16.747541,9.934915,-34.704926,-44.243328,7.512807,-21.684639,22.082382,11.613770,-35.898724,-48.616585,52.774490,-22.654030,23.571621,11.649989,-19.500858,-32.786831,87.300285,-13.311667,22.095165,11.002309,20.133301,-23.284100,66.668541,0.458995,14.495575,7.911979,15.504686,-18.467499,18.777027,10.143308,2.413355,2.122272,1
-10.410764,-0.120518,-10.615104,1.632916,-7.112233,-1.044757,-25.661604,-4.230499,-20.380953,-4.781036,2.824547,3.332411,-39.419857,-24.557674,-11.680095,-13.430977,15.127276,10.325867,-44.792255,-47.684315,25.005211,-20.091005,24.823305,15.011962,-35.666908,-50.354458,84.873863,-18.802036,28.280087,16.565117,9.670632,-38.023651,103.819954,-7.301450,25.418789,15.150446,42.096821,-22.342239,44.628315,7.725159,9.226781,6.943655,-13.024380,-7.686515,-19.956814,11.818967,-11.387136,0.849281,-6.260538,-6.270558,-17.735376,7.181874,-11.486205,2.559030,16.711338,1.090183,-3.043803,4.469713,-2.975814,0.953677,1
-16.269018,-13.351807,-7.565403,11.134003,-16.663387,-2.521213,-18.460257,-13.107998,-6.924573,9.959017,-16.986162,-2.488189,-18.087961,-8.153106,-10.184906,7.519563,-15.152843,-1.202416,-19.673367,-4.915707,-22.609966,1.148221,-6.395310,2.149968,-27.062407,-14.077709,-20.243820,-7.676423,8.696280,7.325019,-38.571960,-34.577122,-9.289817,-15.815037,18.225063,12.544811,-46.754662,-63.418522,19.788021,-22.399431,23.615297,16.435154,-34.030640,-60.333305,102.893661,-20.020699,24.415310,17.893499,20.375237,-40.113819,111.845390,-4.514720,25.029966,15.621292,44.352058,-20.090509,31.536737,6.364817,16.446074,5.505549,1
9.183165,4.445781,-9.649230,1.007606,-1.466335,0.603206,8.774020,2.393648,-5.630541,1.090697,-2.924681,-0.114782,6.485875,0.540274,-5.908103,1.366600,-2.842656,-0.434361,4.551395,-0.365443,-7.416170,1.262204,-2.460226,-0.471645,2.566753,-0.768982,-7.820173,0.934103,-2.863961,-0.486559,1.074245,-1.379667,-7.857664,0.450473,-3.688475,-0.446079,0.543916,-1.942965,-6.073347,-0.051266,-4.416050,-0.404534,-0.716247,-1.988441,-3.697857,-0.159923,-5.254413,-0.339553,-1.744531,-2.313212,-1.121554,0.159656,-6.177997,-0.109456,-1.938199,-1.802534,0.933155,0.792423,-6.694649,0.098271,1
-12.683392,-0.914789,-16.790258,1.675526,-6.496511,0.169643,-22.552832,-8.080323,-31.786015,-6.730469,4.326568,4.261321,-36.867241,-29.303539,-23.722706,-17.128508,16.742216,8.950611,-46.031727,-57.445793,6.954294,-24.393606,22.070665,11.521092,-41.736740,-56.098995,65.989578,-22.634855,19.475683,12.893152,-7.618558,-32.918026,96.017410,-9.505481,14.699040,12.830301,31.530109,-22.660496,52.053490,5.706484,5.139364,7.783082,5.450535,-14.680722,-2.114267,11.757182,-6.712759,1.176317,-9.016986,-5.374314,-18.138395,8.833033,-7.817437,1.359543,12.074507,2.255459,-12.794718,4.200202,-0.658866,1.298823,1
-8.472569,-12.261946,0.993888,9.531846,-11.726954,-5.952427,-11.494942,-15.088854,-2.427302,9.476452,-12.154125,-5.934318,-14.276983,-13.682974,-3.174187,8.400536,-12.288349,-5.132174,-16.209461,-9.035268,-5.839060,6.341381,-10.271805,-3.087933,-22.460440,-4.388978,-16.505846,2.113350,-4.494880,0.627707,-27.801788,-10.467385,-24.881128,-4.963196,3.885549,6.284256,-28.960802,-28.781681,-20.447998,-12.982501,9.313067,11.598857,-30.062193,-55.514393,-6.414559,-20.151726,12.944551,15.067355,-30.718748,-73.361839,35.951290,-23.504110,14.713954,16.711058,-24.396429,-57.396427,97.000740,-17.042221,18.865286,17.031702,1
14.200312,2.166672,-6.570402,3.972235,3.371027,3.171556,8.363734,3.336313,-9.424162,3.945603,-0.391484,1.341433,2.334301,1.700554,-13.420979,3.441734,-4.450139,0.796018,3.930789,-0.091365,-13.089093,2.208158,-5.418464,0.821585,6.291104,-2.272049,-11.880741,0.761530,-3.723629,0.639425,5.208638,-1.522837,-8.501511,-0.478437,-1.929725,0.106793,3.456797,-0.735814,-5.579390,-0.905607,-1.536643,-0.390685,2.882396,-1.233835,-4.795439,-0.910934,-2.090580,-0.910534,1.676596,-2.098023,-4.520516,-0.956740,-2.572079,-1.323856,-0.493384,-2.411271,-3.269497,-1.118660,-2.680736,-1.379250,1
-14.914077,-3.523485,-6.675851,0.520781,-3.427486,-0.337422,-22.137112,-6.066881,-11.807489,-2.956240,-0.058057,3.215232,-30.885883,-15.700936,-14.366274,-7.939543,4.532164,8.453134,-36.817299,-37.963696,-10.317702,-14.134051,9.767935,14.358955,-37.442612,-66.015450,10.397696,-20.111246,14.793849,19.049311,-30.789181,-78.423073,62.364613,-21.769861,19.519358,20.945480,-7.860456,-59.012478,114.606323,-12.913259,23.116755,19.819496,42.826450,-42.588543,85.773872,3.490736,14.969617,13.491830,26.524239,-32.473244,8.747642,15.285335,-3.971835,3.259973,-27.190678,-11.671566,-20.963890,14.493844,-11.915506,0.859934,1
-8.551916,-7.362695,-6.673578,6.178396,-10.326133,-3.119891,-7.957654,-6.878507,-7.204592,4.852143,-10.706432,-2.483928,-8.308743,-5.095728,-8.551791,2.684331,-8.896549,-1.213069,-9.032515,-4.032055,-11.806409,-0.353801,-5.515402,0.592553,-10.915056,-5.693774,-13.403214,-4.002329,-2.023468,2.816823,-13.572238,-10.812233,-13.584206,-7.894802,1.175518,5.338303,-19.017448,-20.541689,-12.508915,-12.081288,4.498076,8.142076,-28.460026,-37.800053,-0.294897,-16.209185,8.415051,11.582878,-36.716839,-54.408966,38.333118,-18.355692,14.021533,15.805583,-24.018471,-59.215981,86.891884,-14.438717,21.956682,18.194969,1
15.001635,4.890132,-8.147838,3.774096,0.323308,3.377152,13.583960,4.092967,-13.279345,2.902710,-2.034121,1.923067,13.727203,2.055874,-13.049765,1.690440,-3.267696,0.249538,11.285526,-0.814060,-10.526314,0.102132,-1.962748,-1.230113,6.498708,-1.778706,-6.584886,-1.141031,0.613059,-2.013082,3.681103,-2.559801,-2.913619,-1.276319,1.267131,-2.423208,1.205558,-2.303513,-2.839826,-0.810799,0.193345,-2.539322,-0.588511,-2.258698,-3.381622,-0.467784,-1.420529,-2.330531,-3.301332,-2.760934,-3.253362,-0.556201,-2.125734,-1.627457,-3.284168,-2.028943,-1.063543,-0.675510,-2.121473,-0.761397,1
-18.920784,-3.411504,-9.317441,2.038781,-5.115929,-0.422643,-32.592869,-6.083508,-16.777689,-2.827343,1.094558,4.884500,-40.169735,-26.162678,-14.903501,-9.805885,8.524773,12.544811,-37.705833,-57.492268,7.810517,-17.189228,16.272434,18.901239,-33.355759,-72.518898,58.756878,-20.960260,23.808109,21.064789,-12.277029,-59.826302,115.302734,-14.846712,28.026554,19.607510,31.668776,-44.463444,104.652199,1.237703,22.270935,14.351498,26.401714,-37.290569,12.521458,14.091174,2.184323,6.542050,-27.532583,-11.874663,-28.144958,11.990475,-9.065927,4.888761,0.752686,-8.780129,-18.014099,6.212484,-3.299654,6.986265,1
-10.461704,-5.541964,-5.704734,4.583696,-10.875809,0.793888,-15.002836,-5.444303,-15.918913,0.231029,-5.317264,3.767039,-23.887497,-17.715170,-15.161293,-6.674010,4.209389,9.331976,-30.099072,-41.534958,4.331061,-13.636573,12.888092,15.725688,-29.811193,-60.453476,55.985443,-17.462999,20.569708,19.656511,-9.575408,-60.889748,113.517731,-11.383540,25.608406,20.225361,33.446712,-46.258820,90.272079,3.105110,19.221085,15.607444,21.783203,-25.520025,7.870696,12.572108,1.333177,7.291996,-21.410269,-8.970095,-23.953232,10.559825,-7.525555,6.352433,5.201332,-5.586533,-11.523813,5.473191,-2.736130,7.972700,1
-21.490170,-6.300505,-3.718388,1.412406,-4.432029,-1.429317,-36.858631,-8.842177,-7.826252,-2.394846,1.360874,4.302866,-43.229961,-23.693880,-6.120429,-7.407977,7.106906,12.326432,-38.438507,-56.886356,6.740440,-12.861061,12.121102,20.245602,-25.252161,-83.128166,38.923237,-16.896280,17.702019,25.272581,10.590317,-69.472549,98.196465,-15.211033,23.268021,24.158316,36.448200,-31.498989,102.131973,-4.728838,28.353590,16.674839,43.281719,-25.878954,44.270058,4.389818,20.976639,8.044072,5.613112,-18.186394,0.380808,9.807749,0.136886,1.044225,-24.790848,-7.149223,-10.747619,8.998149,-9.598558,2.726276,1
-9.190683,-12.509283,-0.621271,9.367795,-15.923028,-6.011016,-11.946229,-13.090067,0.305137,7.985083,-15.568295,-6.098368,-10.150784,-10.260541,1.503332,5.974931,-13.240694,-5.207808,-13.154447,-7.744067,0.278327,3.294727,-7.689606,-3.558779,-28.236073,-6.281301,-8.606920,-0.387889,-0.103863,0.611728,-35.353989,-11.306330,-14.184543,-5.741904,4.721781,7.506114,-36.764450,-35.836639,-14.701806,-12.479696,8.138082,14.675338,-38.983768,-79.260132,0.564501,-20.355190,13.557077,21.297016,-34.368923,-111.924767,62.536591,-24.951803,18.619211,25.450480,-14.628689,-90.612907,145.302200,-17.526917,26.301891,24.217970,1
12.225655,-0.715965,-13.903578,6.739790,-1.910550,4.318845,9.458465,-2.110933,-19.541824,5.337903,-3.444530,3.492201,9.822473,-2.887576,-18.696751,3.666504,-4.159322,2.733733,9.917818,-2.799128,-16.753826,2.124002,-3.840808,1.554486,5.883893,-2.084044,-13.679107,0.562326,-2.576340,0.372043,3.024469,-2.887471,-10.153294,-0.500807,-1.170192,-0.156327,1.457688,-3.318989,-7.544610,-1.039830,-0.459661,-0.538757,-0.152634,-3.163664,-6.456757,-1.176184,-0.619451,-0.700677,-1.714083,-2.724372,-5.908651,-1.272058,-1.198954,-0.623978,-2.352916,-2.033873,-5.191970,-1.456349,-1.710281,-0.364054,1
-15.554729,-3.129990,-5.597988,-1.522395,-1.771001,-0.074302,-29.964911,-9.835474,-8.383347,-6.194641,4.665322,4.559595,-44.675114,-27.863579,-4.731230,-12.156921,11.256108,11.490200,-52.950451,-61.538757,16.974129,-18.421738,18.269804,19.230406,-38.722973,-89.320114,61.337852,-22.145899,24.650734,23.845127,0.679439,-64.039642,128.957489,-15.934347,29.695822,21.396086,51.173035,-27.377628,102.312080,0.882970,23.331938,11.883283,24.824547,-26.768677,7.338025,14.256290,-6.070405,-1.051149,-48.811077,-5.584941,-19.849266,11.729485,-18.133450,-0.911599,3.150483,-4.471193,-10.856830,6.030324,-7.411572,2.751842,1
-11.924952,-11.117373,-1.210341,9.218658,-10.752238,-4.489820,-15.424909,-10.794106,-1.888451,8.805336,-11.122951,-3.732418,-13.231636,-7.485532,-2.740703,7.538738,-9.759413,-2.251701,-7.174082,-3.607920,-5.664861,5.374122,-6.367613,-0.868989,-2.267091,-1.936638,-7.691686,2.808967,-2.781936,-0.086020,0.094790,-1.804296,-6.054776,0.726377,-1.708150,0.073770,0.501758,-0.745182,-0.953147,-0.152466,-2.353700,-0.202134,-3.198968,-0.197357,-0.892147,-0.576441,-1.988315,-0.110521,-8.619219,0.112207,-5.234109,-1.807886,-0.549143,0.806671,-13.670109,-1.263323,-10.838972,-4.327234,1.057274,2.629337,1
60.711750,-68.785988,114.274879,9.430646,12.500337,16.341410,1.375928,-46.866585,-35.676029,21.374382,-12.730433,2.541985,-49.443184,-12.317061,-59.986946,8.140612,-11.302979,7.748994,26.506592,-7.129323,-0.777402,0.126633,0.817590,10.370608,32.470638,1.065455,19.612045,4.479300,1.208542,4.576639,11.436441,-3.234431,-9.288619,7.920102,-3.053578,0.999484,0.761294,-0.467066,-25.363689,5.688375,-3.278349,0.930241,8.537647,0.702643,-23.108742,2.017476,-1.935051,1.165665,11.898213,-1.871778,-17.988083,-0.741557,-0.417051,-0.419448,3.751646,-0.749389,-7.672461,-2.061418,0.274305,-1.612543,1
-13.272701,-9.097607,-1.073721,-0.492285,-4.395811,-3.275419,-38.028591,-13.133024,-10.656272,-4.354931,0.927312,0.729972,-69.623726,-31.250875,-16.510849,-11.513502,7.150582,10.436654,-66.863548,-78.991966,2.969543,-18.714685,10.427333,21.339628,-50.547119,-126.663506,41.728935,-22.521936,14.596775,29.560266,6.350631,-139.463257,111.179169,-21.166922,20.273565,31.527809,67.849892,-58.598370,130.851639,-8.263383,22.870678,19.485004,45.851093,-34.903519,35.326729,11.945733,0.186954,-0.903077,-50.318531,-21.432465,-13.516603,13.425385,-19.222149,-5.332443,-18.025465,-7.493240,-10.927320,8.101197,-7.870700,2.106292,1
-13.355514,-2.638381,-4.313634,1.569000,-8.211585,-0.948884,-16.987690,-5.499203,-16.106960,-2.197772,-4.259457,3.238668,-14.022249,-17.886879,-16.477060,-9.561939,2.091645,8.153794,-28.049347,-31.783806,3.930291,-16.111181,12.891288,12.165577,-44.938274,-47.946938,54.735477,-19.869431,22.791849,15.636206,-34.161644,-58.016472,89.878128,-12.994219,23.642994,18.337715,29.550148,-51.185040,102.795013,0.506932,16.194670,15.709709,23.583542,-40.750484,28.196812,16.295204,-0.673779,6.888261,-33.767891,-21.246603,-31.979187,15.593196,-12.106189,5.375587,0.745958,-12.900095,-27.820480,8.983235,-4.784632,8.364717,1
-29.314131,-5.941407,-12.218442,-2.124269,1.159539,3.923632,-51.023891,-26.203770,-18.860327,-9.534243,9.728520,12.005788,-61.710712,-71.139587,9.048611,-18.625202,17.890570,21.408869,-45.819523,-107.398315,72.324341,-21.669725,20.041338,27.689665,31.652565,-92.890572,124.083298,-13.832582,20.580360,26.642509,78.730614,-24.202389,81.487495,4.298206,17.395222,11.355977,13.371706,-22.025690,-3.503507,13.375318,-8.009185,-4.569715,-35.528614,-8.789555,-20.006859,10.206158,-16.115841,-2.709764,1.594266,0.975354,-12.010668,3.741073,-5.146821,0.744886,8.584724,6.292618,-2.524898,0.953278,3.629886,0.592553,1
-9.196774,-11.437441,-0.279205,7.007171,-10.344243,-8.035017,-10.223378,-11.801035,-0.202789,6.344577,-10.643581,-7.437405,-10.875071,-9.616766,1.462953,5.381579,-10.225998,-6.341248,-13.120813,-6.552993,0.961813,4.544281,-8.158321,-4.432296,-17.330183,-3.985116,-3.233261,3.353317,-4.779305,-1.301486,-20.861706,-5.000886,-10.239223,0.737029,-1.071123,3.032007,-23.017654,-12.534875,-19.758202,-5.274253,1.799763,8.005723,-26.980320,-31.274363,-15.992241,-12.421107,7.873896,13.003940,-36.874897,-62.636356,-1.864151,-19.884344,14.675605,17.927588,-38.765015,-78.555473,53.799969,-23.167486,17.635973,20.187012,1
19.871758,0.514114,-2.039556,4.096871,3.281545,5.401153,15.594324,3.170026,-5.038374,5.142960,1.402420,2.807236,9.006713,1.740310,-17.324265,4.503801,-1.358744,1.599227,9.888513,-0.025963,-18.623276,2.379666,-3.009902,0.726776,8.913837,-0.476056,-15.694912,0.545282,-2.989662,-0.338488,4.090833,-1.596918,-9.670858,-0.800146,-1.660213,-1.018126,1.581617,-2.494654,-5.899824,-1.262471,-0.626908,-1.108673,0.115257,-2.819572,-3.506711,-0.943957,-1.013598,-1.168328,-1.060015,-2.598344,-3.596842,-0.515721,-2.008555,-1.124652,-3.240703,-2.772640,-4.116439,-0.363388,-2.520947,-0.764593,1
-14.674209,-4.142866,-1.994251,-0.082158,-2.235456,-0.830639,-29.675419,-7.034471,-11.152536,-3.619899,2.346243,3.351586,-44.636448,-22.063858,-13.481733,-9.748361,8.629169,10.596444,-48.469658,-52.819046,4.614360,-16.909063,17.099079,17.875391,-41.709774,-77.316795,41.068283,-21.746426,23.026207,22.207817,-9.010360,-71.647911,95.185295,-20.302994,27.351177,20.806995,24.089472,-30.530655,114.657135,-6.108355,25.481640,13.050811,36.564049,-29.351955,37.920135,11.605914,4.938030,2.973417,-28.087147,-20.827641,-15.622370,15.587870,-13.649755,-1.029844,-17.308079,-8.540868,-23.998421,9.728920,-10.105623,2.213884,1
-10.203369,-10.688328,-0.117220,7.892405,-13.809546,-5.172654,-10.662891,-9.233871,-0.630319,6.854838,-12.832699,-4.483428,-10.491274,-6.560440,-0.921327,5.287836,-10.327198,-3.276485,-15.700060,-3.823010,-6.568342,2.683266,-6.154561,-0.908404,-25.993011,-4.412107,-13.135959,-1.772732,-0.258326,3.495396,-31.712399,-17.342970,-16.168325,-7.824495,5.787045,9.607879,-33.548309,-40.906891,-7.087392,-14.865888,11.114429,15.327280,-32.911030,-63.246586,20.676117,-20.170900,15.937942,18.567812,-28.602932,-65.669342,63.513390,-20.061178,19.243456,19.048246,-7.567895,-49.445576,102.446014,-10.843451,19.310566,17.797626,1
12.973700,6.452000,-7.357118,0.760465,4.853874,0.383761,7.633398,4.914364,-7.704143,0.516520,1.061535,-0.907338,4.029420,1.982703,-7.102445,0.400406,-2.116146,-1.197090,1.793646,-0.497263,-5.503728,0.228899,-2.940660,-0.745418,1.135070,-0.996421,-4.087860,0.078696,-1.834917,-0.221309,2.327816,-0.629261,-4.368011,0.021172,-0.581101,-0.119043,2.804824,-0.363192,-5.350184,-0.178032,-0.272175,-0.556867,0.633391,-0.216184,-5.093969,-0.430500,-0.681236,-1.018126,-1.016234,-0.692804,-4.924608,-0.785232,-1.057274,-1.054345,-2.036699,-1.036361,-3.282846,-1.154879,-0.904941,-0.837031,1
-13.689529,-2.648456,-8.987642,-3.141596,1.021055,2.377935,-25.468782,-9.787256,-18.827377,-7.447392,4.108189,6.011549,-41.696865,-34.015034,-19.916887,-15.009698,10.185518,11.757581,-53.098240,-72.030983,8.234447,-22.891584,17.328112,17.658077,-55.587669,-92.733025,72.670982,-24.398932,21.271717,21.477047,-16.253448,-81.602318,128.230042,-13.374518,22.431789,23.067486,64.523438,-56.265709,95.808731,6.446842,12.823112,14.948046,-3.721925,-27.590025,-9.980706,18.361816,-9.394028,2.964895,-28.690771,-16.571741,-40.649155,11.947864,-13.409006,5.908218,19.613764,1.025661,-16.494606,4.485692,-2.708433,5.618467,1
-7.987518,-13.420419,-2.036022,7.321424,-13.008467,-6.253897,-9.833965,-12.945366,-0.699183,5.946168,-12.740021,-5.775593,-9.633474,-10.277368,0.576550,4.476105,-10.768217,-4.501538,-11.911882,-7.076344,-1.714313,2.622546,-6.639256,-2.459427,-16.418039,-6.405938,-5.923103,-0.004394,-1.659148,0.489222,-19.284616,-8.116603,-7.299619,-2.881671,1.179780,4.218710,-19.188637,-14.474523,-7.716112,-5.933651,2.386723,7.966308,-19.742115,-24.732601,-6.811353,-9.249817,3.803524,11.561573,-22.255972,-40.652237,-4.325479,-13.133769,6.136451,15.386934,-23.662039,-62.329922,7.141675,-17.638769,10.795915,19.230406,1
-13.557107,-10.991239,-20.374641,11.377948,-8.742086,5.714341,7.648875,-2.886918,-15.852833,7.227681,-3.755587,5.743103,12.546497,1.267686,-9.687525,5.463604,-1.886049,3.959851,9.619359,1.408083,-11.962721,5.077979,-3.553187,2.271408,9.054267,-0.055686,-15.722260,4.053195,-4.674910,0.895088,7.789525,-1.462032,-15.793873,2.153830,-3.132408,-0.300138,4.359766,-1.676837,-12.903924,0.392949,-1.285241,-0.980842,2.605092,-2.124295,-10.549450,-0.756470,-0.298806,-1.354749,1.484272,-2.627783,-8.770872,-1.442500,-0.137952,-1.644501,0.213076,-3.043806,-6.675848,-1.798298,-0.545948,-1.793638,1
-12.772748,-3.867014,-3.392886,-0.803342,-0.086819,-0.041279,-28.277191,-7.489611,-12.951005,-4.923782,4.977444,3.351586,-47.444767,-24.480385,-16.895369,-12.326299,13.668930,9.826258,-59.951401,-60.746387,0.612566,-21.181835,21.534838,16.843149,-50.434559,-89.584167,62.512253,-25.746490,26.635319,20.849606,-4.653085,-58.076920,142.909317,-15.982284,29.928049,17.530245,44.650566,-33.538303,88.100075,6.021802,17.617863,9.114662,-9.548957,-21.574411,-16.938358,14.706897,-6.855504,0.627707,-27.705444,-6.431563,-33.343159,7.332077,-11.082470,4.291148,14.297826,1.850840,-2.098824,2.079262,-2.973683,4.660795,1
-8.389765,-11.862425,-2.498420,8.271639,-14.136581,-5.752157,-10.403085,-12.607013,-0.335582,7.140329,-13.587971,-5.754288,-11.196157,-10.410245,1.872299,5.842838,-11.631081,-4.915926,-13.683210,-7.000957,1.178204,4.293944,-7.961248,-3.221091,-20.096840,-4.990880,-6.309629,1.826794,-2.697780,-0.035953,-23.542326,-6.560663,-14.968397,-2.606833,2.347308,4.630967,-20.887383,-16.018230,-17.182076,-8.398672,5.815807,8.958068,-20.974579,-31.817940,-12.926147,-14.469609,9.201215,11.839606,-28.342625,-49.178066,-3.493780,-19.759708,12.433225,13.728319,-27.545071,-62.724567,19.395641,-22.647638,13.885179,14.646576,1
0.493743,-10.002248,-16.361389,5.681983,1.219194,8.048333,17.162670,-3.762877,-1.310314,2.346643,4.446943,7.468830,20.328802,3.463249,5.573155,3.759182,1.317199,4.335889,10.788905,2.976943,-6.532794,5.428451,-3.163300,2.029593,9.365547,-0.365375,-14.438757,4.261987,-3.850395,1.185905,9.627526,-0.740692,-13.766266,2.139982,-1.765674,0.489222,7.831028,0.120226,-10.547672,0.620916,0.455400,-0.175502,6.607269,-0.459590,-8.885937,-0.132226,1.241565,-0.877511,3.971531,-1.208003,-7.937484,-0.483763,1.040230,-1.322791,2.304844,-1.402123,-6.998922,-0.660597,0.231695,-1.398425,1
-13.556039,-6.811930,-1.743124,-4.853474,3.066361,4.828041,-21.940966,-14.302944,-6.469234,-7.974697,6.180127,8.025963,-32.828568,-31.298569,-8.801249,-13.162531,10.980205,12.653468,-44.314541,-60.609161,0.388527,-20.110180,17.439964,17.683643,-48.478645,-87.537292,29.675631,-26.343039,22.966551,20.215775,-50.596504,-88.567368,87.260155,-25.442890,24.672039,20.265842,-2.056555,-61.626011,112.785744,-12.431760,17.398418,18.891651,54.295261,-34.001667,62.616409,9.080174,3.503119,8.441416,1.662086,-20.457348,-17.087326,15.778552,-13.036164,-2.836531,-36.231434,-2.298220,-22.470028,10.263682,-14.527533,-1.349423,1
-9.048856,-11.315864,-2.669885,7.677222,-12.672909,-7.415034,-10.685244,-12.545094,-1.441386,6.755769,-12.589818,-6.966558,-13.040483,-9.807160,1.353410,5.720333,-10.790588,-5.068258,-14.689377,-6.255966,-0.100122,4.814858,-7.316763,-2.343314,-17.901316,-3.622617,-5.846547,2.813228,-3.431747,0.811997,-18.560173,-6.240514,-11.020554,-0.907738,-0.253000,4.537224,-17.989019,-13.721306,-12.875015,-5.827125,3.361439,8.667252,-19.374615,-27.294353,-10.367319,-11.559309,8.437421,12.654533,-27.505032,-46.214397,6.019427,-17.741034,14.269739,16.060181,-33.482437,-59.229340,49.997284,-20.601267,18.021597,18.544376,1
17.606003,-1.493968,-4.987328,5.099284,0.392550,5.831520,16.403511,3.862360,-7.714732,4.739225,0.746217,3.055442,12.485516,2.556067,-14.875526,3.635612,-0.821851,1.355282,10.856828,0.405627,-15.215919,1.945038,-1.615472,0.287888,8.843801,-0.739763,-11.873701,0.448343,-1.179780,-0.485494,6.893648,-0.495507,-7.038465,-0.315451,-0.066579,-1.178981,5.772894,-1.264381,-6.362334,-0.283493,0.637560,-1.846901,3.690638,-1.958913,-7.548574,-0.390020,0.537426,-2.425339,1.632811,-2.416826,-8.341049,-0.896020,0.126234,-2.545714,-1.459114,-2.292998,-5.487305,-1.534113,-0.287089,-2.300703,1
-14.394996,-4.350072,-3.398394,-2.116812,0.777110,2.173404,-27.941143,-9.536150,-12.996752,-6.043374,6.620081,6.267212,-46.429558,-35.338081,-23.630053,-14.921281,16.996815,13.003940,-59.914818,-88.159714,-4.350972,-27.401909,24.922375,18.846910,-59.867531,-113.656441,63.392021,-32.312775,25.478443,19.001373,-23.800268,-69.021332,133.400925,-18.065939,17.317459,17.182968,49.075508,-35.244072,90.269058,8.468713,2.135321,8.655534,2.708265,-32.022152,-12.515746,18.869947,-13.331242,-2.353966,-35.563038,-6.440149,-31.690418,12.470908,-12.828438,-0.470580,-2.020622,1.013050,-21.284561,3.677157,-1.194693,3.355847,1
-9.928603,-13.093904,-2.855624,9.705483,-11.849460,-5.808616,-14.632183,-12.208554,-4.840917,8.621045,-11.854787,-5.343096,-14.035703,-9.496778,-2.691036,6.958169,-11.122951,-3.896468,-14.160072,-5.083941,-4.916142,5.156808,-8.257391,-1.902295,-17.328859,-2.462934,-13.132968,1.678722,-3.519099,1.104945,-23.383232,-6.179081,-21.432529,-3.891541,2.381397,5.390501,-26.375366,-22.135822,-23.289087,-11.091659,7.286936,10.245972,-29.338493,-45.270576,-14.633336,-18.355692,11.380744,13.859346,-33.004829,-69.681252,6.508621,-24.037807,14.560556,16.085747,-36.369793,-79.936752,56.946896,-24.711054,17.437834,16.158186,1
21.389427,-0.309168,-7.673685,3.373557,3.042926,6.305562,15.468673,3.912146,-5.929461,3.954125,-0.253000,3.486874,9.170542,0.964438,-13.364605,4.266248,-3.250652,2.090314,7.665562,-1.253174,-17.311863,2.800445,-3.608581,1.672730,9.342932,-1.513124,-16.135904,0.719985,-2.174736,1.005875,8.658721,-0.427403,-10.440407,-0.827843,-0.780306,-0.022104,6.639510,-0.775797,-7.577867,-1.267797,-0.344613,-0.973385,3.819904,-1.622984,-6.725523,-1.376454,-0.604537,-1.615739,0.456641,-1.582653,-5.487358,-1.484045,-1.011468,-1.590172,-0.820773,-1.291024,-3.472766,-1.549026,-1.355548,-1.183242,1
-22.584839,-5.593631,-7.586392,-2.239317,-1.949965,-1.088433,-43.660370,-13.987204,-17.351469,-7.456979,4.699410,5.476787,-54.453907,-41.464619,-12.072998,-15.154573,12.771978,14.200231,-46.655716,-75.737038,14.568138,-21.575983,16.636755,20.103922,-37.175980,-91.051605,62.479183,-22.715815,19.309502,22.664816,-3.686155,-74.523514,124.899368,-14.101028,22.237911,21.189425,53.135532,-44.104527,93.134872,7.403449,10.726672,12.404196,9.120836,-35.094826,-12.796518,18.082718,-9.744499,0.482831,-36.618233,-8.934294,-35.314423,12.287683,-12.492879,1.699362,7.269049,-1.969840,-27.483305,3.058239,-1.351287,4.365717,1
